SET NAMES utf8;
SET FOREIGN_KEY_CHECKS = 0;

DROP TABLE IF EXISTS `gnc_aboneler`;

CREATE TABLE `gnc_aboneler` (
  `abone_id` int(8) NOT NULL AUTO_INCREMENT,
  `abone_adi_soyadi` varchar(255) DEFAULT NULL,
  `abone_eposta` varchar(255) NOT NULL,
  PRIMARY KEY (`abone_id`)
) ENGINE=InnoDB DEFAULT CHARSET=utf8;


DROP TABLE IF EXISTS `gnc_albumler`;

CREATE TABLE `gnc_albumler` (
  `album_id` int(8) NOT NULL AUTO_INCREMENT,
  `kullanici_id` int(8) NOT NULL,
  `veri_id` int(11) NOT NULL COMMENT 'Albümü tanıtan albüm verisinin id''si; resim, video vs. olabilir',
  `album_adi` varchar(65) NOT NULL,
  `album_aciklama` varchar(255) DEFAULT NULL,
  `album_thumb_en` int(8) DEFAULT NULL,
  `album_thumb_boy` int(8) DEFAULT NULL,
  `album_crop_en` int(8) DEFAULT NULL,
  `album_crop_boy` int(3) DEFAULT NULL,
  `album_tarih` varchar(65) DEFAULT NULL,
  PRIMARY KEY (`album_id`)
) ENGINE=InnoDB AUTO_INCREMENT=6 DEFAULT CHARSET=utf8 COMMENT='Resim, video gibi verilerin gruplanmasını sağlayan tablo, bu gruplar sayesinde slide, carousel gibi eklentiler yapılabilir.';

insert into `gnc_albumler` values('4','1','0','Slider albümü','Ana sayfada slider olarak kullanılacak resimleri içeren albüm','200','100','1000','500','2013-10-17'),
 ('5','1','0','Hakkımda','Hakkımda sayfasında dönecek resimler','500','350','500','350','2013-10-17');

DROP TABLE IF EXISTS `gnc_albumlerin_verileri`;

CREATE TABLE `gnc_albumlerin_verileri` (
  `albumlerin_verileri_id` int(8) NOT NULL AUTO_INCREMENT,
  `album_id` int(8) NOT NULL,
  `veri_id` int(11) NOT NULL,
  `albumlerin_verileri_aciklama` varchar(255) DEFAULT NULL COMMENT 'Slide vs. içinde kullanılabilecek bilgilerin yer aldığı alan, boş bırakılması halinde veriler tablosundaki veri_aciklama değeri de bu amaçla kullanılabilir',
  PRIMARY KEY (`albumlerin_verileri_id`)
) ENGINE=InnoDB AUTO_INCREMENT=2 DEFAULT CHARSET=utf8;

insert into `gnc_albumlerin_verileri` values('1','5','137','');

DROP TABLE IF EXISTS `gnc_ayarlar`;

CREATE TABLE `gnc_ayarlar` (
  `ayar_id` int(8) NOT NULL AUTO_INCREMENT,
  `ayar_adi` varchar(32) NOT NULL,
  `ayar_degeri` text NOT NULL,
  `ayar_tipi` tinyint(2) DEFAULT '0',
  `ayar_aciklama` varchar(255) DEFAULT NULL,
  PRIMARY KEY (`ayar_id`),
  UNIQUE KEY `ayar_adi` (`ayar_adi`)
) ENGINE=MyISAM AUTO_INCREMENT=105 DEFAULT CHARSET=utf8 COMMENT='Geliştiricinin düzenlemesi gereken dinamik ayarları içerir. Yonetim sayfasından sitenin her yerinde kullabileceğiniz yeni ayarlar yaratmanız mümkündür ancak veritabanı bağlantısı gibi önemli ayarların hem teorikte hemde pratikte burda bulunmaması gerekmektedir. Bundan dolayı herşeyi buraya taşımaya çalışmak hata olacaktır.';

insert into `gnc_ayarlar` values('3','gzip_sikistirma','off','1','Gzip sıkıştırma'),
 ('11','oturum_omru','3600','1','Oturum ömrü saniye olarak'),
 ('12','cerez_adi','gnc','1','Sitenin kullanılacağı çerezin adı'),
 ('2','index','anasayfa','1','Varsayılan açılış sayfası nereye yönlendirilecek'),
 ('20','yerel_zaman_farki','Europe/Istanbul','2','Yerel zaman farkı Europe/Istanbul gibi <a href=\"http://us1.php.net/manual/en/timezones.php \">http://us1.php.net/manual/en/timezones.php</a> adresine uygun olarak belirtilmelidir'),
 ('21','yerel_ulke','Türkiye','2',''),
 ('22','yerel_ulke_kodu','tr','2',''),
 ('31','iletisim_eposta','info@guncebektas.com','3',''),
 ('30','iletisim_bilgileri_acik','on','3','İletişim bilgileri gözüksün mü?'),
 ('32','iletisim_bilgileri_telefon','0 533 611 53 03','3',''),
 ('34','iletisim_bilgileri_fax','','3',''),
 ('35','iletisim_bilgileri_adres','Fener Mahallesi Antalya/Türkiye','3',''),
 ('4','varsayilan_calisma_dili','tr','1','Varsayılan çalışma dili mutlaka /diller klasörüne dil_kodu.php şeklinde kaydedilmeli'),
 ('5','sablon_eleman_sayisi','10','1','İçeriklere atanabilecek şablonlardaki maksimum eleman sayısı'),
 ('101','thumb_eni','300','0','Yüklenecek resimden oluşturulacak thumb\'ın eni'),
 ('102','thumb_boyu','150','0','Yüklenecek resimden oluşturulacak thumb\'ın boyu'),
 ('103','crop_eni','200','0','Orjinal resimden kırpılarak oluşturulacak resmin eni'),
 ('104','crop_boyu','120','0','Orjinal resimden kırpılarak oluşturulacak resmin boyu'),
 ('10','cache_suresi','20','1','Saniye cinsinden varsayılan cache süresi, cache\'lemeyi kapatmak için 0 girin'),
 ('23','tarih_formati','d.m.Y','2','Varsayılan tarih formatı'),
 ('24','saat_formati','h:i','2','Varsayılan saat formatı'),
 ('45','meta_description','','4','Description etiketi'),
 ('46','meta_keywords','','4','Keywords etiketi'),
 ('48','og_description','','4','OpenGraph description etiketi'),
 ('49','og_image','','4','OpenGraph resim adresi'),
 ('50','favicon','sistem/img/favicon.png','4','Sitede kullanılan favicon\'un adresi'),
 ('51','apple_icon_72','','4','Apple cihazlarda gösterilecek 72x72px\'lik ikon'),
 ('52','apple_icon_114','','4','Apple cihazlarda gösterilecek 114x114px\'lik ikon'),
 ('53','apple_icon_144','','4','Apple cihazlarda gösterilecek 144x144px\'lik ikon'),
 ('60','header_icine_eklenecek_js_kodlar','','5','Head etiketinin sonuna eklenecek JS kodları, google analytics kodları gibi kodların eklenmesini sağlar. '),
 ('61','footer_icine_eklenecek_js_kodlar','','5','Body etiketinin sonuna eklenecek JS kodları, alexa için gerekli kodlar gibi kodların eklenmesini sağlar. '),
 ('62','css_kodlari','.carousel-caption{\r\n  margin-bottom:50px;\r\n  background-color:rgba(0,0,0,0.5);\r\n  border:1px solid #0d0d0d;\r\n  border-radius:4px;\r\n  left: 10%;\r\n  right: 10%;\r\n}\r\n.lead{\r\n  font-size: 16px;\r\n}\r\n.img-rounded{\r\n  height: 120px; \r\n  width: 250px;\r\n}','5','Head etiketinin sonuna CSS kodları eklemeyi sağlar. '),
 ('13','kullanici_kaydi','FILTER_VALIDATE_EMAIL','1','Kullanıcı kaydının yapılma mantığı, 0-> her hangi bir koşul yok, 1-> kullanıcı class\'ında yer alan özel tanımlama veya filter_var fonksiyonunun aldığı değerleri alır.'),
 ('16','modal_box_width','600','1','Modal kutusunun varsayılan genişliği'),
 ('33','iletisim_bilgileri_cep_telefonu','0 533 611 53 03','3',''),
 ('70','facebook_appid','681952528481857','6','Facebook uygulamasının application id değeri'),
 ('71','facebook_secret','a007fd81cfa9ecaa63ea74bad3e7fa54','6','Facebook uygulamasının secret değeri'),
 ('15','bakimda','off','1','Site bakımda olduğunda bu değeri açın'),
 ('1','site_adi','Günce Bektaş','1',''),
 ('38','smtp_username','','3','SMTP ayarlarında yer alan kullanıcı adınız info@guncebektas.com gibi'),
 ('39','smtp_password','','3','SMTP kullanıcınızın şifresi'),
 ('40','smtp_secure','tls','3','SMTP ayarlarınızın güvenlik seviyesi ssl yada tls '),
 ('36','smtp_host_1','','3','SMTP ayarlarındaki ana(main) host adresi '),
 ('37','smtp_host_2','','3','SMTP ayarlarındaki yedek(backup) host adresi'),
 ('91','facebook_sayfasi','https://www.facebook.com/guncebektas','6',''),
 ('92','twitter_sayfasi','https://twitter.com/guncebektas','6',''),
 ('93','linkedin_sayfasi','','6',''),
 ('94','google_sayfasi','','6',null),
 ('95','youtube_sayfasi','','6',null),
 ('14','kripto_anahtari','gnc_kripto_anahtarı','1','Şifreleme fonksiyonlarında kullanılacak kripto anahtarı, sonradan değiştirilmesi kalıcı sorunlara sebep olabilir.'),
 ('41','lat','13.062616','3','Konum bilgisinin latitude değeri'),
 ('42','lng','80.229508','3','Konum bilgisinin longitude değeri');

DROP TABLE IF EXISTS `gnc_diller`;

CREATE TABLE `gnc_diller` (
  `dil_id` int(3) NOT NULL AUTO_INCREMENT,
  `dil_adi` varchar(65) NOT NULL,
  `dil_kodu` varchar(5) NOT NULL,
  `dil_kodu_uzun` varchar(5) DEFAULT NULL,
  `dil_zaman_dilimi` varchar(65) DEFAULT NULL,
  PRIMARY KEY (`dil_id`)
) ENGINE=InnoDB AUTO_INCREMENT=3 DEFAULT CHARSET=utf8 COMMENT='gnc için varsayılan çalışma dili Türkçedir, mutlaka /dil klasörü içinde tr.php olmak zorundadır. Varsayılan dil değerini ayarlar tablosundaki "varsayılan_calisma_dili" degerini değiştirerek ayarlayabilirsiniz. Bu işlemi yonetim panelinden kolayca yapmak mümkündür. ';

insert into `gnc_diller` values('1','Türkçe','tr','tr_TR','Europe/Istanbul'),
 ('2','English','en','en_US','Europe/London');

DROP TABLE IF EXISTS `gnc_form_elemanlari`;

CREATE TABLE `gnc_form_elemanlari` (
  `eleman_id` int(3) NOT NULL AUTO_INCREMENT,
  `eleman_adi` varchar(65) NOT NULL,
  PRIMARY KEY (`eleman_id`)
) ENGINE=InnoDB AUTO_INCREMENT=8 DEFAULT CHARSET=utf8;

insert into `gnc_form_elemanlari` values('1','text'),
 ('2','password'),
 ('3','file'),
 ('4','option'),
 ('5','checkbox'),
 ('6','selectbox'),
 ('7','textarea');

DROP TABLE IF EXISTS `gnc_icerikler`;

CREATE TABLE `gnc_icerikler` (
  `icerik_id` int(8) NOT NULL AUTO_INCREMENT,
  `dil_id` int(3) NOT NULL,
  `kullanici_id` int(8) NOT NULL,
  `icerik_baslik` varchar(255) NOT NULL,
  `icerik_sef` varchar(255) NOT NULL,
  `icerik_icerik` longblob,
  `icerik_ozet` varchar(255) DEFAULT NULL,
  `icerik_sira` int(11) NOT NULL DEFAULT '0',
  `icerik_tarih` varchar(65) NOT NULL,
  `icerik_buyuk_resim_id` varchar(65) DEFAULT NULL,
  `icerik_kucuk_resim_id` varchar(65) DEFAULT NULL,
  PRIMARY KEY (`icerik_id`,`icerik_baslik`,`icerik_sira`),
  KEY `amb` (`icerik_sef`),
  KEY `dil` (`dil_id`)
) ENGINE=MyISAM AUTO_INCREMENT=62 DEFAULT CHARSET=utf8 COMMENT='İçerikler tablosu her ne kadar sade ve anlaşılır gözüksede etkileşim içinde bulunduğu tablolardan dolayı zaman zaman kafa karıştırıcı olabilmektedir. Bundan dolayı içerikleri vertabanına el ile girmemenizi bu işlem için mutlaka yonetim sayfasını kullanmanızı önerilir.';

insert into `gnc_icerikler` values('34','1','1','bahispesinde.com','bahispesinde-com',0x3c703e3c696d6720616c743d222220646174612d636b652d73617665642d7372633d222f676e632f766572692f5f696d616765732f6261686973706573696e64652e6a706722207372633d222f676e632f766572692f5f696d616765732f6261686973706573696e64652e6a706722207374796c653d22626f726465722d7374796c653a736f6c69643b20626f726465722d77696474683a3570783b20666c6f61743a6c6566743b206865696768743a31333870783b206d617267696e3a35707820313570783b2077696474683a3237367078223e6261686973706573696e64652e636f6d2c20676e63276e696e20626574612073c3bc72c3bc6dc3bc206b756c6c616ec4b16c6172616b20796170c4b16c616e20696c6b20696e7465726e6574207369746573696469722e2053697465206261686973206d6572616b6cc4b16c6172c4b16e6120c3a765c59f69746c692074c3bc796f6c6172207665726572656b2079617264c4b16d63c4b1206f6c6d6179c4b12068656465666c656d656b7465206f6c75702c3c2f703e3c703e323030302d323031332073657a6f6e756e61206169742034302e30303027692061c59f6bc4b16e206d61c3a720766520383030302764656e2066617a6c6120667574626f6c637520766572697369796c652067656c6563656b7465206f796e616e6163616b20667574626f6c206d61c3a76c6172c4b16ec4b12073696d696c6173796f6e2079c3b66e74656d69796c65207461686d696e2065746d656b74656469722e3c2f703e3c703e416bc4b16c6cc4b1206973746174697374696b206164c4b16e64616b6920616c676f7269746d6173c4b13b2074616bc4b16d2c2074656b6e696b206164616d2c2068616b656d20706572666f726d616e736c6172c4b16ec4b1206465c49f69c59f6b656e206f6c6172616b206b6162756c2065746d656b7465207665206261686973206d6572616b6cc4b16c6172c4b16e6120646fc49f727579612079616bc4b16e20766572696c65722073756e6d616b7461206f6c7570206261686973706573696e64652e636f6d2061c3a7c4b16c64c4b1c49fc4b12067c3bc6e64656e20697469626172656e20362062c3bc79c3bc6b20617672757061206c6967696e652061697420736f6e75c3a76c6172c4b12063616e6cc4b1206f6c6172616b2073756e6d616b746164c4b1722e3c62723e3c2f703e3c703e417972c4b163612074616bc4b16d206f79756e63756c6172c4b16ec4b16e20736f6e2073657a6f6e6c6172612061697420706572666f726d616e736c6172c4b1207361796573696e6465207075616e6c616e64c4b1726d616b7461206f6c7570206d616e74c4b16b6cc4b120616e616c697a6c65722073756e6d616b746164c4b1722e3c2f703e3c703e42756e756e2079616ec4b16e64612068616674616cc4b16b2073616b61742076652063657a616cc4b1206c697374656c6572692c206d61c3a7206b6164726f6c6172c4b12076732e20667574626f6c6120646168696c2070656b20c3a76f6b20696c676920c3a7656b69636920686162657269206275207369746564656e2074616b69702065646562696c697273696e697a2e3c62723e3c2f703e3c703e536974656e696e20736168696269206f6c616e2044656e697a20426579276520796179c4b16e206861796174c4b16e6461206261c59f6172c4b16c61722064696c6572696d2e3c62723e3c2f703e3c703e3c696d67207372633d222f676e632f766572692f5f696d616765732f6261686973706573696e6465312e706e672220646174612d636b652d73617665642d7372633d222f676e632f766572692f5f696d616765732f6261686973706573696e6465312e706e6722207374796c653d2277696474683a2038303070783b206865696768743a2033383070783b20626f726465722d77696474683a203570783b20626f726465722d7374796c653a20736f6c69643b206d617267696e3a20313070783b2220616c743d22223e3c62723e3c2f703e3c68723e3c703e4b756c6c616ec4b16c616e2074656b6e6f6c6f6a696c65722069c3a765726973696e6465206261c59f6cc4b163613b3c2f703e3c703e7068702c206d7973716c2c206a71756572792c206278736c696465722c206869676863686172742079657220616c6d616b746164c4b1722e3c2f703e,'bahispesinde.com, gnc\'nin beta sürümü kullanılarak yapılan ilk internet sitesidir. Site bahis meraklılarına çeşitli tüyolar vererek yardımcı olmayı hedeflemekte olup php, mysql ve jquery ile yapılmıştır.','0','2014-01-15','101','102'),
 ('35','1','1','Biri kahve mi dedi','biri-kahve-mi-dedi',0x3c703e3c7370616e207374796c653d22666f6e742d73697a653a32307078223e3c696d6720616c743d222220646174612d636b652d73617665642d7372633d22687474703a2f2f626179616e62696c6d69732e636f6d2f77702d636f6e74656e742f75706c6f6164732f323031332f30332f6b616876652e706e6722207372633d22687474703a2f2f626179616e62696c6d69732e636f6d2f77702d636f6e74656e742f75706c6f6164732f323031332f30332f6b616876652e706e6722207374796c653d22666c6f61743a72696768743b206865696768743a32303270783b206d617267696e2d6c6566743a323070783b206d617267696e2d72696768743a323070783b2077696474683a3234397078223e42616e6120626972206b6168766520c4b1736d61726c616d616b206973746572206d6973696e3f3c2f7370616e3e3c2f703e3c703e4269722062697261207961646120626972206b616876653b206e65206f6c6475c49f752c206e65206b61737465747469c49f696e2c2067c3b66e6cc3bc6e64656e206e65206b6f707475c49f75206869c3a720c3b66e656d6c69206465c49f696c2e2e2e20c3a7616cc4b1c59f6d616c6172c4b16dc4b1206265c49f656e6572656b2062616e612064657374656b206f6c6d616b206973746572206d6973696e3f3c2f703e3c703e3c7370616e207374796c653d22666f6e742d73697a653a32307078223e4b6168766520626168616e652e2e2e20c3a7616cc4b1c59f6d616b20c59f6168616e65213c2f7370616e3e3c2f703e3c703e427520796f6c6c61206e652073656e2066616b69726c65c59f6563656b73696e2c206e652064652062656e206bc3b6c59f6579692064c3b66e656365c49f696d2e2045c49f657220474e43206b6f6e7573756e646120c3a7616cc4b1c59f6d616d20676572656b7469c49f696e652062656e69206d6f746976652065646562696c697273656e2c2068656d20656d65c49f696d696e206b6172c59fc4b16cc4b1c49fc4b16ec4b120616c6d616dc4b1207361c49f6c61796163616b73c4b16e2e2048656d20646520736f6e72616b692073c3bc72c3bc6d6c6572646520646168612066617a6c6120c3b67a656c6c69c49f692069c3a7696e646520626172c4b16e64c4b172616e206269722073697374656d2079617261746d616dc4b1207361c49f6c61796163616b73c4b16e212033206b757275c59f2c2035206b757275c59f2064656d6564656e20796170616361c49fc4b16e206865722074c3bc726cc3bc206d61646469207665206d616e6576692064657374656b2069c3a7696e20c59f696d646964656e207465c59f656b6bc3bc722065646572696d2e2e2e3c2f703e3c703e4261c49fc4b1c59f6c6172c4b16ec4b17ac4b12061c59f61c49fc4b164616b69207475c59f20696c652070617970616c20c3bc7a6572696e64656e2067c3bc76656e6c65207961706162696c697273696e697a2e3c62723e3c2f703e3c666f726d20616374696f6e3d2268747470733a2f2f7777772e70617970616c2e636f6d2f6367692d62696e2f77656273637222206d6574686f643d22706f737422207461726765743d225f746f70223e3c696d6720646174612d636b652d7265616c656c656d656e743d22253343696e707574253230646174612d636b652d73617665642d6e616d65253344253232636d642532322532306e616d65253344253232636d6425323225323076616c75652533442532325f732d78636c69636b2532322532307479706525334425323268696464656e253232253230646174612d636b652d6564697461626c6525334425323231253232253230636f6e74656e746564697461626c6525334425323266616c73652532322532302532462533452220646174612d636b652d7265616c2d6e6f64652d747970653d22312220616c743d2247697a6c6920416c616e22207469746c653d2247697a6c6920416c616e2220646174612d636b652d73617665642d7372633d22687474703a2f2f6c6f63616c686f73742f676e632f636b656469746f722f706c7567696e732f66616b656f626a656374732f696d616765732f7370616365722e6769663f743d4436494522207372633d22687474703a2f2f6c6f63616c686f73742f676e632f636b656469746f722f706c7567696e732f66616b656f626a656374732f696d616765732f7370616365722e6769663f743d443649452220646174612d636b652d7265616c2d656c656d656e742d747970653d2268696464656e6669656c642220636c6173733d22636b655f68696464656e223e203c696d6720646174612d636b652d7265616c656c656d656e743d22253343696e707574253230646174612d636b652d73617665642d6e616d65253344253232656e637279707465642532322532306e616d65253344253232656e6372797074656425323225323076616c75652533442532322d2d2d2d2d424547494e253230504b4353372d2d2d2d2d4d4949484e77594a4b6f5a496876634e415163456f4949484b4443434279514341514578676745774d4949424c414942414443426c4443426a6a454c4d416b474131554542684d4356564d78437a414a42674e5642416754416b4e424d52597746415944565151484577314e623356756447467062694257615756334d525177456759445651514b4577745159586c51595777675357356a4c6a45544d424547413155454378514b62476c325a56396a5a584a30637a45524d413847413155454178514962476c325a56396863476b784844416142676b71686b6947397730424351455744584a6c51484268655842686243356a62323043415141774451594a4b6f5a496876634e4151454242514145675941306b794d665935716677654f7871595549366d30774e71303136626e57476b544f51466b306d7725324252616b644333696e643033666a654d5159712532424e6437326c486c6c5043437153737942253242326d69495649525645386c78707869316171664b6b6b714e466f5a374238676d65596a4432355255695341397070483865756f3845437441684c3576253246637a7230655769776f6d38734d3431576471695038466b324576596273354638396a454c4d416b474253734f4177496142514177676251474353714753496233445145484154415542676771686b694739773044427751497a7034587754465851416541675a416a486248435a642532462532423637315a686d6f71253246797a613636466779504e30616337704d7a66524a342532426f374e426c34714f722532466d582532463145586d51696548516a6d476b47554d4b325579644a5853784145366c4538564148534962374f4263655a564257434d39496d76783968496d6a4d35544d6f646c253242385072523354366238737a42396b65382532424d684547636347434149615471536868736d61504d6d59317a65674c7834783071473425324253696f7a45697654466333484e6a5964455665366767674f484d494944677a43434175796741774942416749424144414e42676b71686b69473977304241515546414443426a6a454c4d416b474131554542684d4356564d78437a414a42674e5642416754416b4e424d52597746415944565151484577314e623356756447467062694257615756334d525177456759445651514b4577745159586c51595777675357356a4c6a45544d424547413155454378514b62476c325a56396a5a584a30637a45524d413847413155454178514962476c325a56396863476b784844416142676b71686b6947397730424351455744584a6c51484268655842686243356a623230774868634e4d4451774d6a457a4d5441784d7a45315768634e4d7a55774d6a457a4d5441784d7a4531576a43426a6a454c4d416b474131554542684d4356564d78437a414a42674e5642416754416b4e424d52597746415944565151484577314e623356756447467062694257615756334d525177456759445651514b4577745159586c51595777675357356a4c6a45544d424547413155454378514b62476c325a56396a5a584a30637a45524d413847413155454178514962476c325a56396863476b784844416142676b71686b6947397730424351455744584a6c51484268655842686243356a62323077675a38774451594a4b6f5a496876634e4151454242514144675930414d49474a416f4742414d464854743338524d784c584a794f32536d532532424e646c373254376f4b4a34753475772532423661776e74414c576830335065776d494a757a62414c536373545334735a6f5331664b636942476f683131674966487a796c766b644e65253246684a6c3636253246524771726a357246623038734141424e547a44546971714e704a654273597325324663326169476f7a70745832526c6e426b744825324253554e7041616a573732344e7632577668696636734641674d424141476a6765347767657377485159445652304f42425945464a6166664c7647627865395754395331776f62374244575a4a52724d49473742674e5648534d4567624d7767624341464a6166664c7647627865395754395331776f62374244575a4a52726f594755704947524d49474f4d517377435159445651514745774a56557a454c4d416b474131554543424d4351304578466a415542674e5642416354445531766457353059576c7549465a705a5863784644415342674e5642416f5443314268655642686243424a626d4d754d524d77455159445651514c4641707361585a6c58324e6c636e527a4d52457744775944565151444641687361585a6c58324677615445634d426f4743537147534962334451454a4152594e636d564163474635634746734c6d4e76625949424144414d42674e5648524d45425441444151482532464d4130474353714753496233445145424251554141344742414946664f6c61616746726c37312532426a71364f4b6964625746534525324251344671524f766467494f4e7468253242386b534b25324625324659253246346968754534596d767a6e35636545335325324669425351514d6a79766225324273325457625159447763703132394f50496244396570647234744a4f554e69536f6a773742487759526950683538533178476c466748465877724542623364674e624d5561253242753471656374734d41587056486e4439774979666d484d5949426d6a4343415a594341514577675a517767593478437a414a42674e5642415954416c56544d517377435159445651514945774a44515445574d4251474131554542784d4e54573931626e526861573467566d6c6c647a45554d4249474131554543684d4c554746355547467349456c7559793478457a415242674e5642417355436d7870646d56665932567964484d784554415042674e5642414d5543477870646d5666595842704d5277774767594a4b6f5a496876634e41516b42466731795a55427759586c775957777559323974416745414d416b474253734f41774961425143675854415942676b71686b69473977304243514d784377594a4b6f5a496876634e415163424d42774743537147534962334451454a42544550467730784d7a45774d5451784d444d7a4d6a4a614d434d4743537147534962334451454a4244455742425438336746716f77666e656b494373617a657642584c4e596b31577a414e42676b71686b69473977304241514546414153426747477a437a316d4f667369687773576e32513137766f6b6e4a25324243336d643939784c766b78587a4a4272726468754262557841696e6c6a6151474b535a30534b4b5533684e65334a456b324c494c73336c536f415a4f5a2532426769564e4464447873314e71544467387a74626974767830504c4859386f7a3241365455654241536f6b576761577973326c552532464b735831776358764d3279784d314d4c537a3854714269615845556d374c662d2d2d2d2d454e44253230504b4353372d2d2d2d2d2530412532322532307479706525334425323268696464656e253232253230646174612d636b652d6564697461626c6525334425323231253232253230636f6e74656e746564697461626c6525334425323266616c73652532322532302532462533452220646174612d636b652d7265616c2d6e6f64652d747970653d22312220616c743d2247697a6c6920416c616e22207469746c653d2247697a6c6920416c616e2220646174612d636b652d73617665642d7372633d22687474703a2f2f6c6f63616c686f73742f676e632f636b656469746f722f706c7567696e732f66616b656f626a656374732f696d616765732f7370616365722e6769663f743d4436494522207372633d22687474703a2f2f6c6f63616c686f73742f676e632f636b656469746f722f706c7567696e732f66616b656f626a656374732f696d616765732f7370616365722e6769663f743d443649452220646174612d636b652d7265616c2d656c656d656e742d747970653d2268696464656e6669656c642220636c6173733d22636b655f68696464656e223e203c696e70757420616c743d2250617950616c202d204f6e6c696e6520c3b664656d65207961706d616ec4b16e20646168612067c3bc76656e6c69207665206b6f6c617920796f6c75212220646174612d636b652d73617665642d6e616d653d227375626d697422206e616d653d227375626d69742220646174612d636b652d73617665642d7372633d2268747470733a2f2f7777772e70617970616c6f626a656374732e636f6d2f74725f54522f54522f692f62746e2f62746e5f646f6e61746543435f4c472e67696622207372633d2268747470733a2f2f7777772e70617970616c6f626a656374732e636f6d2f74725f54522f54522f692f62746e2f62746e5f646f6e61746543435f4c472e6769662220646174612d636b652d6564697461626c653d22312220636f6e74656e746564697461626c653d2266616c73652220747970653d22696d616765223e203c696d6720616c743d222220646174612d636b652d73617665642d7372633d2268747470733a2f2f7777772e70617970616c6f626a656374732e636f6d2f656e5f55532f692f7363722f706978656c2e67696622207372633d2268747470733a2f2f7777772e70617970616c6f626a656374732e636f6d2f656e5f55532f692f7363722f706978656c2e67696622207374796c653d226865696768743a3170783b2077696474683a317078223e3c2f666f726d3e,'Bir bira yada bir kahve; ne olduğu, ne kastettiğin, gönlünden ne koptuğu hiç önemli değil... çalışmalarımı beğenerek bana destek olmak ister misin?','0','2013-11-10','0','0'),
 ('36','1','1','Multi login','multi-login',0x3c703e46616365626f6f6b2c2054776565746572206769626920736f7379616c2061c49f6c6172c4b16e2070656b202663636564696c3b6fc49f756e75206b756c6c616e6172616b206865722068616e67692062697220736974657965202675756d6c3b7965206f6c6d6179c4b12079612064612067697269c59f207961706d6179c4b1207361c49f6c6179616e20656b6c656e74692e204b756c6c616ec4b16dc4b1206b6f6c617920766520656e746567726173796f6e752062617369747469722e3c2f703e0a,'Facebook, Tweeter gibi sosyal ağları kullanarak her hangi bir siteye üye olmayı sağlayan eklenti','0','2013-09-24','103','104'),
 ('37','1','1','birliktegit.com','birliktegit-com',0x3c703e3c696d6720616c743d2222207372633d22687474703a2f2f6269726c696b74656769742e636f6d2f696d672f637573746f6d2f62616e6e65722e706e6722207374796c653d22666c6f61743a6c6566743b206865696768743a333570783b206d617267696e3a35707820323070783b2077696474683a313030707822202f3e4269726c696b74656769742e636f6d2c20323031322079c4b16cc4b16e6461206b7572756c616e202675756d6c3b6e697665727369746520266f756d6c3bc49f72656e63696c6572696e696e206172612663636564696c3b6c6172c4b16ec4b1207061796c61c59f6d616c6172c4b16ec4b120627520796f6c6c612063656269207665202663636564696c3b657672657969206b6f72756d6179c4b1207361c49f6c6179616e2076652074616d616d656e202675756d6c3b6372657473697a202663636564696c3b616cc4b1c59f616e2062697220696e7465726e6574207369746573696469722e2054656d656c202663636564696c3b616cc4b1c59f6d61206d616e74c4b1c49fc4b120c59f7520c59f656b696c64656469722e3c2f703e0a0a3c703e3c696d6720616c743d2222207372633d22687474703a2f2f6269726c696b74656769742e636f6d2f696d672f637573746f6d2f74722f686f776974776f726b732e706e6722207374796c653d22666c6f61743a6c6566743b206865696768743a32393070783b2077696474683a333137707822202f3e3c2f703e0a0a3c703e266e6273703b3c2f703e0a0a3c703e266e6273703b3c2f703e0a0a3c703e266e6273703b3c2f703e0a0a3c703e266e6273703b3c2f703e0a0a3c703e266e6273703b3c2f703e0a0a3c703e266e6273703b3c2f703e0a0a3c703e266e6273703b3c2f703e0a0a3c703e266e6273703b3c2f703e0a0a3c703e266e6273703b3c2f703e0a0a3c703e266e6273703b3c2f703e0a0a3c703e266e6273703b3c2f703e0a0a3c6872202f3e0a3c703e4b756c6c616ec4b16c616e2074656b6e6f6c6f6a696c65723b3c2f703e0a0a3c703e5048502c206d7953514c2c204a51554552592c20414a41582c20474f4f474c45204d4150204150492c204f70656e47524150482c205368617265546869733c2f703e0a0a3c703e266e6273703b3c2f703e0a0a3c703e266e6273703b3c2f703e0a0a3c703e266e6273703b3c2f703e0a0a3c703e266e6273703b3c2f703e0a0a3c703e266e6273703b3c2f703e0a0a3c703e266e6273703b3c2f703e0a0a3c703e266e6273703b3c2f703e0a0a3c703e266e6273703b3c2f703e0a,'Birliktegit.com, 2012 yılında kurulan üniversite öğrencilerinin araçlarını paylaşmalarını sağlayan bir internet sitesidir','0','2013-09-24','105','106'),
 ('38','1','1','eToker ticaret sitesi','etoker-ticaret-sitesi',0x3c703e4f70656e2043617274c4b16e20696c65726920646572656365206465206d6f646966697965206564696c6d65736920736f6e756375206f7274617961202663636564696c3bc4b16b616e20542675756d6c3b726b697965262333393b6e696e20266f756d6c3b6e64652067656c656e20626562656b206d61c49f617a616c6172c4b16e64616e20546f6b6572262333393b6c6572696e20655469636172657420736974657369203c6120687265663d22687474703a2f2f652d746f6b65722e636f6d2f22207461726765743d225f626c616e6b223e687474703a2f2f652d746f6b65722e636f6d2f3c2f613e3c2f703e0a0a3c703e4f70656e2043617274262333393bc4b16e20692663636564696c3b657273696e6520642675756d6c3b7a672675756d6c3b6e20686f63616ec4b16e2079617074c4b1c49fc4b12073616e616c20706f732073697374656d69206f70656e2063617274262333393bc4b16e20736f6e20732675756d6c3b722675756d6c3b6d2675756d6c3b796c65202663636564696c3b616cc4b1c59f6163616b2068616c65206765746972696c6d69c59f207665206b656e64692079617074c4b1c49fc4b16d2074616b7369742073656b6d657369206261c59f7461206f6c6d616b202675756d6c3b7a6572652070656b202663636564696c3b6f6b20656b6c656e746920696c6520796179c4b16e206861796174c4b16e61206261c59f6c616dc4b1c59f74c4b1722e20c59e69726b6574696e206461686120266f756d6c3b6e636564656e206d7353514c202675756d6c3b7a6572696e64656e202663636564696c3b616cc4b1c59f616e206261c59f6b612062697220655469636172657420736973746573692062756c756e6d616b74617964c4b12e204f70656e2043617274262333393b6120656e7465677265206564696c656e20626972206d6f642675756d6c3b6c207361796573696e646520617972c4b16361206f207369746564656b6920766572696c657269202663636564696c3b656b6572656b207665726920746162616ec4b16e61206769726562696c6d656b7465206d75686173656265206b6179c4b1746c6172c4b16ec4b16e206461202675756d6c3b7a6572696e64656e20792675756d6c3b722675756d6c3b742675756d6c3b6c642675756d6c3bc49f2675756d6c3b2065736b69207665726920746162616ec4b16e64616b6920666979617420672675756d6c3b6e63656c6c656d656c6572696e69206f746f6d6174696b206f6c6172616b2065546963617265742073697465736920672675756d6c3b6e63656c6c65796562696c6d656b7469722e3c2f703e0a0a3c6872202f3e0a3c703e4b756c6c616ec4b16c616e2074656b6e6f6c6f6a696c657220692663636564696c3b65726973696e6465206261c59f6cc4b163613b3c2f703e0a0a3c703e6f70656e6361727420312e352e332c207068702c206d7973716c2c206d7373716c2c206a71756572792c2063616368652c20616a61783c2f703e0a,'Open Cartın ileri derece de modifiye edilmesi sonucu ortaya çıkan Türkiye\'nin önde gelen bebek mağazalarından Toker\'lerin eTicaret sitesi http://e-toker.com/','0','2013-09-28','107','108'),
 ('39','1','1','Alan adı sorgulama','alan-adi-sorgulama',0x3c703e416c616e206164c4b120736f7267756c616d6173c4b120692663636564696c3b696e2068617ac4b1726c616e6dc4b1c59f2062697220736372697074262333393b7469722e20476972696c656e20616c616e206164c4b16ec4b16e2036302064616e2066617a6c6120757a616e74c4b179612067266f756d6c3b726520736f7267756c616d6173c4b16ec4b1207961706172616b2077686f69732062696c67696c6572696e692064266f756d6c3b6e642675756d6c3b722675756d6c3b722e20426fc59f7461797361207965c59f696c20c4b1c59fc4b16b2079616b6172616b206b756c6c616ec4b163c4b173c4b12062696c67696c656e646972656e206bc4b1736120616d61206b6f6d706c696b6520626972207363726970747469722e3c2f703e0a0a3c6872202f3e0a3c703e4b756c6c616ec4b16c616e2074656b6e6f6c6f6a696c657220692663636564696c3b65726973696e6465206261c59f6cc4b163613b3c2f703e0a0a3c703e7068702c206a71756572792c20616a61782c2068746d6c20656e636f64652c20726f626f743c2f703e0a,'Alan adı sorgulaması için hazırlanmış bir script\'tir.','0','2013-09-28','109','110'),
 ('40','1','1','AMS Piano','ams-piano',0x3c703e416d6572696b61646120696b616d6574206564656e202643636564696c3b696e6c6920626972206d2675756d6c3b7a696b20686f636173c4b16ec4b16e2074616ec4b174c4b16d207369746573696469722e20264f756d6c3b7a656c20646572736c657220766572656e206d2675756d6c3b7a696b20686f636173c4b120736974656e696e20c4b06e67696c697a6365207665202643636564696c3b696e63652068617ac4b1726c616e6d6173c4b16ec4b120697374656d69c59f206f6c757020736974656e696e207461736172c4b16dc4b1207461726166c4b16d64616e20796170c4b16c6dc4b1c59f74c4b1722e203c6120687265663d22687474703a2f2f616d737069616e6f2e636f6d2f22207461726765743d225f626c616e6b223e687474703a2f2f616d737069616e6f2e636f6d2f3c2f613e3c2f703e0a0a3c6872202f3e0a3c703e4b756c6c616ec4b16c616e2074656b6e6f6c6f6a696c657220692663636564696c3b65726973696e6465206261c59f6cc4b163613b3c2f703e0a0a3c703e7068702c206d7973716c2c207461726179c4b163c4b12064696c6920746573706974692c2064696c20646f7379616c6172c4b120696c65202663636564696c3b6f6b6c752064696c206465737465c49f693c2f703e0a,'Amerikada ikamet eden Çinli bir müzik hocasının tanıtım sitesidir.','0','2013-09-28','111','112'),
 ('41','1','1','Your boxes','your-boxes',0x3c703ec4b0737665c3a72c204672616e736120766520416c6d616e7961206461206b756c6c616ec4b16c6d616b7461206f6c616e20657664656e20657665206e616b6c69796174206669726d616c6172c4b1796c61207461c59fc4b16e6163616b206b69c59f696c6572692062756c75c59f747572616e2062697220736974652e3c696d67207372633d22687474703a2f2f6c6f63616c686f73742f676e632f766572692f5f696d616765732f6d6f7665322e706e672220646174612d636b652d73617665642d7372633d222f676e632f766572692f5f696d616765732f6d6f7665322e706e6722207374796c653d22666c6f61743a2072696768743b206d617267696e3a20313070783b2220616c743d2222206865696768743d22313136222077696474683d22313136223e3c62723e3c2f703e3c703e536974656e696e2067656e656c206d616e74c4b1c49fc4b120c59f7520c59f656b696c646520c3a7616cc4b1c59fc4b1796f723b20c4b06b692074697020c3bc79656c696b2073697374656d692062756c756e616e20736974656465207461c59fc4b16e6d616b206973746579656e206b69c59f69206f64612076652065c59f79616c6172c4b16ec4b1207365c3a769796f722e2048617ac4b1726c616e616e20616c676f7269746d612065c59f79616c6172c4b16e20746f706c616d206b61c3a7206d3c7375703e333c2f7375703e2079657220747574616361c49fc4b16ec4b12068657361706c61796172616b2c2061647265732076732e2062696c67696c6572696e69206669726d616c61726c61207061796c61c59fc4b1796f722e204669726d616c61722066697961742074656b6c69666c6572696e692073756e64756b74616e20736f6e7261207461c59fc4b16e6163616b206b69c59f69207365c3a77469c49f69206669726d61796c6120616e6c61c59fc4b1796f722e205461c59fc4b16e6d612069c59f6c656d692074616d616d6c616e64c4b1c49fc4b16e646120697365206dc3bcc59f74657269206669726d6179c4b120c3a765c59f69746c69206b617465676f72696c65726465206f796c75796f722e3c62723e3c2f703e3c703e332064696c206465737465c49f692062756c756e616e207369746520656c206465c49f69c59f7469726469c49f692069c3a7696e2079656e6920616c616e206164c4b16ec4b12062696c6d656469c49f696d64656e20646f6c6179c4b12073697a696e6c65207061796c61c59f616dc4b1796f72756d2e3c62723e3c2f703e3c68723e3c703e3c696d67207372633d222f676e632f766572692f5f696d616765732f6d6f7665312e706e672220646174612d636b652d73617665642d7372633d222f676e632f766572692f5f696d616765732f6d6f7665312e706e6722207374796c653d2277696474683a2038303070783b206865696768743a2033383070783b2220616c743d22223e3c62723e3c2f703e3c68723e3c703e4b756c6c616ec4b16c616e2074656b6e6f6c6f6a696c65722069c3a765726973696e6465206261c59f6cc4b163613b3c62723e3c2f703e3c703e7068702c206d7973716c2c206a71756572792c20616a61782c207461726179c4b163c4b12064696c6920746573706974693c62723e3c2f703e,'İsveç, Fransa ve Almanya da kullanılmakta olan evden eve nakliyat firmalarıyla taşınacak kişileri buluşturan bir site.','0','2014-01-15','113','114'),
 ('42','1','1','UrbanSitter alternatifi','urbansitter-alternatifi',0x3c703e416d6572696b616cc4b120626972206d2675756d6c3bc59f746572696d696e20557262616e53697474657220616c7465726e6174696669206269722073697465206b75726d616b20697374656d657369202675756d6c3b7a6572696e6520796170c4b16c616e20616e63616b206461686120736f6e7261206d6f62696c20757967756c616d612079617074c4b1726d616b206973746564696b6c65726920692663636564696c3b696e206b756c6c616ec4b16d612067652663636564696c3b6d6579656e2062697220736974652e204172616d61206b72697465726c657269202663636564696c3b6f6b2067656c69c59f6d69c59f206f6c616e2073697465646520616e6e652d6261626120696c652062616bc4b163c4b16c6172c4b16e20696c657469c59f696d6920616d612663636564696c3b6c616e6dc4b1c59f74c4b1722e2053697374656d20642675756d6c3b7a672675756d6c3b6e202663636564696c3b616cc4b1c59f6d616b7461206f6c7570206d2675756d6c3bc59f74657269206968746979612663636564696c3b6c6172c4b1206465c49f69c59f7469c49f6920692663636564696c3b696e2061736bc4b16461206b616c6dc4b1c59f74c4b1722e3c2f703e0a0a3c6872202f3e0a3c703e4b756c6c616ec4b16c616e2074656b6e6f6c6f6a696c657220692663636564696c3b65726973696e6465206261c59f6cc4b163613b3c2f703e0a0a3c703e7068702c206d7973716c2c206a71756572792c20616a61782c206b61726d61c59fc4b16b206172616d61206b72697465726c6572693c2f703e0a,'Anne-baba ile bakıcıların iletişimini amaçlayan bir site','0','2013-09-28','115','116'),
 ('43','1','1','Sun &amp; Moon Sprinkler','sun-andamp-moon-sprinkler',0x3c703e416d6572696b616cc4b120626972206d2675756d6c3bc59f746572696d696e207361686970206f6c6475c49f752066c4b1736b6979652c207375207665206261682663636564696c3b652069c59f6c65726920696c6520696c67696c69207369746573696e696e20672675756d6c3b6e63656c6c656e6d69c59f2068616c692c20736974652079656e69206261c59f74616e207961726174c4b16c6dc4b1c59f206f6c757020686fc59f20626972207461736172c4b16d612073616869707469722e3c2f703e0a0a3c6872202f3e0a3c703e4b756c6c616ec4b16c616e2074656b6e6f6c6f6a696c657220692663636564696c3b65726973696e6465206261c59f6cc4b163613b3c2f703e0a0a3c703e7068702c2068746d6c2c206373733c2f703e0a,'Fıskiye işi yapan bir Amerikan şirketinin web sitesi','0','2013-09-28','117','118'),
 ('44','1','1','Unofficial navy site','seabase-unofficial-navy-site',0x3c703e416d6572696b616e2044656e697a204b75767665746c6572696e696e2068616265726c6572696e6920626172c4b16e64c4b172616e207265736d69206f6c6d6179616e20776562207369746573692c207461736172c4b16dc4b1206d2675756d6c3bc59f74657269207461726166c4b16e64616e20796170c4b16c6dc4b1c59f206f6c757020626c6f67206d616e74c4b1c49fc4b16ec4b120672675756d6c3b64656e206261736974206269722079266f756d6c3b6e6574696d206d6f642675756d6c3b6c2675756d6c3b206f6c616e20736974656469722e3c2f703e0a0a3c6872202f3e0a3c703e4b756c6c616ec4b16c616e2074656b6e6f6c6f6a696c657220692663636564696c3b65726973696e6465206261c59f6cc4b163613b3c2f703e0a0a3c703e7068702c206a71756572792c20616a61782c206e6577737469636b65722c2068746d6c2c206373733c2f703e0a,'Amerikan Deniz Kuvvetlerinin resmi olmayan sitesi','0','2013-09-28','119','120'),
 ('45','1','1','Retro\'nun meyhanesi','retronun-meyhanesi',0x3c703ec4b07a6d697220416c73616e63616b262333393b746120726574726f2067617264656e262333393bc4b16e202675756d6c3b7374206b6174c4b16e64612079657220616c616e20726574726f262333393b6e756e206d657968616e657369206973696d6c692074617665726e61262333393b6ec4b16e20776562207369746573696469722e204f6e652070616765206f6c6172616b2064697a61796e206564696c656e20736974652c2066616365626f6f6b20656b6c656e74696c65726920696c65207a656e67696e6c65c59f746972696c6d69c59f7469722e3c2f703e0a,'Retro\'nun meyhanesi isimli taverna\'nın web sitesidir','0','2013-09-28','121','122'),
 ('46','1','1','A. Tüfekçi\'nin sayfası','aslihan-tufekcinin-web-sayfasi',0x3c703e47617a69202655756d6c3b6e697665727369746573696e696e206465c49f65726c6920686f63616c6172c4b16e64616e2041736cc4b168616e20686f63616dc4b16e2077656220736179666173c4b12c20637620736179666173c4b1206f6c6172616b206f6e6520706167652064697a61796e206564696c6d69c59f206f6c616e2073697465204353533320696c652033442068616c65206765746972696c6d69c59f7469722e20536974656e696e20796170c4b173c4b120646f6c6179c4b173c4b1796c612066616b6cc4b12063737320646f7379616c6172c4b120696c652065736b69207461726179c4b163c4b16c617264612064657374656b6c656e6d69c59f206f6c75702064696b6b6174202663636564696c3b656b656e2062697220736974656469722e3c2f703e0a0a3c703e3c6272202f3e0a3c6120687265663d22687474703a2f2f77332e67617a692e6564752e74722f7e61736c692f232f61626f757422207461726765743d225f626c616e6b223e687474703a2f2f77332e67617a692e6564752e74722f7e61736c692f232f61626f75743c2f613e206164726573696e64656e2073697465796920696e63656c65796562696c697273696e697a2e3c2f703e0a,'Değerli hocam Aslıhan Tüfekçi\'nin web sayfası','0','2013-09-28','123','124'),
 ('47','1','1','Annem İsterse','annem-isterse',0x3c703e546f6b65722042656265262333393b6e696e2079696e6520626562656b206d61c49f617a6173c4b1206f6c6172616b206661726b6cc4b120626972206973696d6c6520612663636564696c3b74c4b1c49fc4b1206554696361726574207369746573692c20c59fc4b16b207461736172c4b16dc4b1207665204f70656e4361727420696c652064696b6b6174202663636564696c3b656b6d656b74656469722e3c2f703e0a0a3c703e266e6273703b3c2f703e0a,'Toker Bebe\'nin yine bebek mağazası olarak farklı bir isimle açtığı eTicaret sitesi','0','2013-09-28','125','126'),
 ('48','1','1','Ucuz Halı Sepeti','ucuz-hali-sepeti',0x3c703e4269722067727562756e207061722663636564696c3b6173c4b1206f6c6172616b20692663636564696c3b696e64652062756c756e6475c49f756d204f70656e436172742070726f6a6573692c20726f79616c207665207069657272652063617264696e2068616cc4b16c6172c4b16e20736174c4b16c64c4b1c49fc4b120626972206d61c49f617a616ec4b16e206554696361726574207369746573693c2f703e0a,'Bir grubun parçası olarak içinde bulunduğum OpenCart projesi, royal ve pierre cardin halıların satıldığı bir mağazanın eTicaret sitesi','0','2013-09-28','127','128'),
 ('49','1','1','T trade','t-trade',0x3c703e546963617265746c6520696c67696c6920646572736c657220766572656e20416d6572696b616cc4b120626972206b7572756d756e206d6f6f646c6520692663636564696c3b696e20c4b1737261726c6120697374656469c49f69207461736172c4b16d2c20736f6e726173c4b1206e65206f6c6475206e652079617074c4b16c61722068692663636564696c3b2062696c6d69796f72756d2e20c4b06e7465726e65742074656b6e6f6c6f6a696c657269796c65206861c59f6972206e65c59f6972206f6c6d617961206261c59f6c6164c4b1c49fc4b16d20696c6b20672675756d6c3b6e6c657264652079617074c4b1c49fc4b16d2062617369742c20686fc59f756d61206769746d6579656e20616e63616b206d2675756d6c3bc59f746572696d69202663636564696c3b6f6b206d75746c75206564656e20626972202663636564696c3b616cc4b1c59f6d613c2f703e0a,'Ticaretle ilgili dersler veren Amerikalı bir kurumun moodle için ısrarla istediği tasarım','0','2013-09-28','129','130'),
 ('50','1','1','Fotoğrafçı Micheal Smith','fotografci-micheal-smith',0x3c703e416d6572696b616cc4b120626972206d616e6b656e20616a616e73c4b1204d69636865616c20536d697468262333393b696e20616a616e73c4b16e64616b69206d6f64656c6c6572692074616ec4b1746d616b20692663636564696c3b696e20697374656469c49f6920766520627572616d20627572616d206a7175657279206b6f6b616e2077656220736974657369207461736172c4b16dc4b12e20426972206bc4b1736dc4b16ec4b12068617ac4b172206f6c6172616b20736174c4b16e20616c64c4b1c49fc4b16d2076652062656e69207461736172c4b16d64616e20736fc49f7574616e202663636564696c3b616cc4b1c59f6d616c6172c4b16d64616e206f6c6d75c59f7475722e3c2f703e0a0a3c703e59696e65646520672675756d6c3b7a656c206d6f64656c6c65722069c59f696e20692663636564696c3b696e6465206f6c6475c49f756e64616e20617a206461206f6c736120646179616ec4b16cc4b172206f6c616e206275202663636564696c3b616cc4b1c59f6d61206d616e6b656e6c6572206b6164617220672675756d6c3b7a656c206f6c6d75c59f7475722e204bc4b17a6c6172612074616bc4b16cc4b170207461736172c4b16dc4b12067266f756d6c3b726d657a64656e2067656c6d6579696e206469796520696c6b2068616c696e69207061796c61c59fc4b1796f72756d3c2f703e0a,'Amerikalı bir manken ajansı Micheal Smith\'in ajansındaki modelleri tanıtmak için istediği ve buram buram jquery kokan web sitesi tasarımı','0','2013-09-28','131','132'),
 ('51','1','1','Seferihisar Pazarı','seferihisar-pazari',0x3c703e53656665726968697361722050617a6172c4b12c206f7267616e696b202675756d6c3b722675756d6c3b6e6c6572696e20736174c4b16c6d6173c4b16ec4b120706c616e6c616e616e20626972207765622067697269c59f696d69206f6c6d616b6c6120626572616265722068656e2675756d6c3b7a206861796174612067652663636564696c3b6d656d69c59f7469722e20c59ec4b16b207461736172c4b16d61207361686970206f6c616e20626972204f70656e436172742073697374656d69206f6c757020736566657269686973617270617a6172692e636f6d207665206369747461736c6f7770617a6172692e636f6d20616c616e2061646c6172c4b1796c612079616bc4b16e2067656c6563656b7465206b756c6c616ec4b16d6120612663636564696c3bc4b16c6163616b74c4b1722e3c2f703e0a,'Seferihisar Pazarı, organik ürünlerin satılmasını planlanan bir web girişimi olmakla beraber henüz hayata geçmemiştir. ','0','2013-09-28','133','134'),
 ('52','1','1','PDO sınıfı','pdo-sinifi',0x3c703e42696c696e6469c49f6920676962692050485020352e3120766520c3bc7a6572692073c3bc72c3bc6d6c657264652050444f2073c4b16ec4b166c4b1207a6174656e2062756c756e6d616b746164c4b1722e2042756e7520c3b6c49f72656e6d656b20676572c3a7656b74656e20626972205a4f52554e4c554c554b5455522e20416e63616b2067656c69c59f7469726963696c65722067656e656c6c696b6c652061712779756d206e6520676572656b20766172206d7953514c20696c652068657220c59f65796920796170c4b1796f72756d206465726c65722e2042756e64616e20646f6c6179c4b120627520636c617373c4b16ec4b16e20657874656e64206564696c6d657369796c65206f6c75c59f747572756c616e2050444f20696c652076657269746162616ec4b120696c657469c59f696d69207361c49f6c6179616e206269722073c4b16ec4b166207961706172616b2068656d2050444f206b6f6d75746c6172c4b16ec4b1206b6c6173696b206d7953514c206b6f6d75746c6172c4b16e612062656e7a65746d6579692068656d646520627520c3b6c49f72656e696d2061c59f616d6173c4b16e612079617661c59f2079617661c59f206769726d656e697a692068656465666c6564696d2e2e2e3c2f703e3c756c3e3c6c693e2e2f73697374656d2f626c6f6b6c61722f6d7973716c2e636c6173732e7068703c2f6c693e3c6c693e2e2f73697374656d2f626c6f6b6c61722f70646f2e636c6173732e7068703c2f6c693e3c2f756c3e3c703e646f7379616c6172c4b16ec4b120626972617a20696e63656c657273656e697a206e6564656e206261687365746d65796520c3a7616cc4b1c59f74c4b1c49fc4b16dc4b12068656d656e20616e6c61796163616b73c4b16ec4b17a2e2054656d656c206f6c6172616b202470646f206465c49f69c59f6b656e696e696e20c3a761c49f72c4b16c64c4b1c49fc4b120666f6e6b7369796f6e6c617264613c62723e3c2f703e3c646976207374796c653d226261636b67726f756e643a236565653b626f726465723a31707820736f6c696420236363633b70616464696e673a35707820313070783b223e266e6273703b24736f726775203d202470646f2d2667743b7175657279282253454c454354202a2046524f4d20676e635f6b756c6c616e6963696c617222293b3c62723e266e6273703b24736f6e75636c6172203d2024736f7267752d2667743b66657463685f617272617928293b3c62723e266e6273703b666f7265616368202824736f6e75636c61722041532024736f6e7563293c62723e266e6273703b266e6273703b266e6273703b266e6273703b206563686f2024736f6e75635b276b756c6c616e6963695f6b756c6c616e6963695f616469275d3b3c2f6469763e3c703ec59f656b6c696e6465206b756c6c616ec4b16c6162696c69722e205a6174656e206d7973716c2069c3a7696e20247674206465c49f69c59f6b656e6920c3a761c49fc4b172c4b16c64c4b1c49fc4b16e64612064612061796ec4b12079c3b66e74656d69206b756c6c616e6d616b746179c4b17a2e204275206b657a20736164656365202476742d2667743b20796572696e65202470646f2d2667743b2079617ac4b1796f72757a2e3c2f703e,'PDO ile veritabanı iletişimi sağlayan bir sınıf yaparak hem PDO komutlarını klasik mySQL komutlarına benzetmeyi amaçlayan class\'ı biraz tanıyalım.','0','2013-11-13','0','0'),
 ('53','1','1','GNC nedir? Ne değildir?','gnc-nedir-ne-degildir',0x3c703e4d6572686162612044c3bc6e7961213c2f703e3c703e546162696b692074656b206d6573616ac4b16d206275206465c49f696c20616e63616b20c59f75616e2069c3a7696e20617a206c616620c3a76f6b2069c59f21203c7374726f6e673e474e43206e656469722064657273656e697a3f3c2f7374726f6e673e20557a756e207a616d616e64c4b17220656b73696b6c69c49f6920647579756c616e206d696c6c6920646979656d656365c49f696d20616e63616b2054c3bc726bc3a765206b6f646c616e6dc4b1c59f2070687020746162616e6cc4b1206269722069c3a76572696b2079c3b66e6574696d2073697374656d692120c59e75616e20626574612073c3bc72c3bc6dc3bc796c65206b6172c59fc4b16ec4b17a646120c3a76f6b20c59f65792062656b6c656d6579696e2068616669666520646520616c6d6179c4b16e2e2044657461796c6172c4b1206b6f647520696e6469726d65207a61686d6574696e64652062756c756e616e2061726b616461c59f6c6172207a6174656e2067c3b6726563656b7469722e20c59e75616e2062756c756e6475c49f756d757a2073697465646520474e4320696c6520796170c4b16c64c4b1c49fc4b12069c3a7696e207369746579692074616ec4b174616e20766520627520796f6c6c6120474e43206e696e2062617ac4b12074656d656c20c3b67a656c6c696b6c6572696e692073697a652067c3b673746572656e2062697220766964656f2068617ac4b1726c6164c4b16d2e203c656d3e5a616d616ec4b16ec4b17ac4b1206179c4b172c4b17020697a6c657273656e697a20736576696e6972696d2e3c2f656d3e3c62723e3c2f703e3c703e3c62723e3c2f703e3c703e47c3bc6e63656c207665727369796f6e612022536f6c20c39c737422206d656ec3bc64652062756c756e616e20c3bc72c3bc6e6c6572207475c59f756e64616e20756c61c59f6162696c697273696e697a2e3c2f703e3c703e3c7374726f6e673e4e65206465c49f696c64697220646573656e697a2064652e2e2e3c2f7374726f6e673e20576f726470726573732c204a6f6f6d6c612076732e206465c49f696c6469722c206f6c6d6179c4b12064612068656465666c656d656d656b74656469722e204576657420434d532064656d656d697a20646fc49f727564757220616e63616b206672616d65776f726b2064656d656d697a20646520646fc49f7275206f6c75722e20c387c3bc6e6bc3bc206275726164616b6920616d61c3a720626c6f672079616461206b656e64692077656220736974656e697a69207961706d616b206465c49f696c2c206b69207961706162696c697273696e697a2e203c7374726f6e673e416d61c3a73b3c2f7374726f6e673e20626972626972696e64656e206465c49f69c59f696b207765622070726f6a656c6572696e6920c3bc7265746562696c6563656b2079657465726c696c696b74652062697220616c7420796170c4b1206f6c75c59f7475726d616b74c4b172206b6920c59f7520616e61206b616461722062c3bc79c3bc6b20626972206b61c3a72070726f6a65796920646520c3a7c4b16b6172746dc4b1c59f20647572756d646164c4b1722e2054616269206672616d65776f726b2064656d69c59f6b656e2043492c204c61726176656c2076622e20696c65206bc4b17961736c616d616b20696d6b616e73c4b17a2c20736f6e75c3a77461206b656e64692068616c696d6465206269722070726f6772616d63c4b179c4b16d2c206e6579736520c3a76f6b206b6f6e75c59f74756d2070726f6a65796920696e63656c6579696e2062756e64616e20736f6e7261206b6f646c6172206b6f6e75c59f73756e2e3c2f703e3c703e3c7374726f6e673e456b6970206d693f3c2f7374726f6e673e2042656e6465206f6c73756e20697374657264696d20616e63616b20c59f75616e207361646563652062656e20766172c4b16d2c2062756e64616e20646f6c6179c4b12070726f6a6579696465206b69c59f6973656c20736974656d64656e2064757975726d6179c4b12074657263696820657474696d2e20556d75796f72756d206b692c20696c657264652073697a6c65726c65206269726c696b74652070726f6a6579692067656c69c59f7469726d652066c4b172736174c4b16ec4b12062756c616361c49fc4b17a2e3c2f703e,'Çekirdek denebilecek bir yapının üzerine esnek, kolay, hızlı ve güvenilir şekilde web sitesi oluşturulmasını sağlayan php tabanlı bir web yazılımıdır. Çeşitli eklentiler ile aklınızda, hayalinizde ne varsa bunu yapmanızı sağlayan bir sistemdir.','0','2014-03-25','0','0'),
 ('56','1','1','Dekogard.net','dekogard-net',0x3c703e3c696d6720616c743d222220646174612d636b652d73617665642d7372633d222f676e632f766572692f5f696d616765732f64656b6f676172642e706e6722207372633d222f676e632f766572692f5f696d616765732f64656b6f676172642e706e6722207374796c653d22666c6f61743a6c6566743b206865696768743a373570783b206d617267696e3a313070783b2077696474683a3237307078223e416e6b617261206d65726b657a6c6920c3a7616cc4b1c59f616e207665203439204661726b6cc4b1206b617465676f7269646520656c656b74726f6e696b20766520796170c4b12067c3bc76656e6c69c49f6920c3a7c3b67ac3bc6d6c6572692073756e616e2064656b6f6761726427c4b16e207369746573693c62723e3c2f703e3c703e3c62723e3c2f703e3c703e3c62723e3c2f703e3c703e3c62723e3c2f703e3c68723e3c703e3c696d67207372633d222f676e632f766572692f5f696d616765732f64656b6f67617264312e706e672220646174612d636b652d73617665642d7372633d222f676e632f766572692f5f696d616765732f64656b6f67617264312e706e6722207374796c653d2277696474683a2038303070783b206865696768743a2034333070783b20666c6f61743a206c6566743b206d617267696e2d6c6566743a20323070783b206d617267696e2d72696768743a20323070783b2220616c743d22223e3c62723e3c2f703e3c703ec387656c696b2079656c656b74656e2c206d6574616c20646564656b74c3b672c3bc6e652c206b616d6572612073697374656d6c6572696e64656e2c20782072617920636968617a6c6172c4b16e61206b61646172206661726b6cc4b1206b617465676f72696c657264652062696e6c6572636520c3bc72c3bc6e3c62723e3c2f703e3c703e3c62723e3c2f703e3c703e3c62723e3c2f703e3c703e3c62723e3c2f703e3c703e3c62723e3c2f703e3c703e3c62723e3c2f703e3c703e3c62723e3c2f703e3c703e3c62723e3c2f703e3c703e3c62723e3c2f703e3c703e3c62723e3c2f703e3c703e3c62723e3c2f703e3c703e3c62723e3c2f703e3c703e3c62723e3c2f703e3c68723e3c703e3c62723e3c2f703e3c703e3c696d67207372633d222f676e632f766572692f5f696d616765732f64656b6f67617264322e706e672220646174612d636b652d73617665642d7372633d222f676e632f766572692f5f696d616765732f64656b6f67617264322e706e6722207374796c653d2277696474683a2038303070783b206865696768743a2034333070783b20666c6f61743a2072696768743b206d617267696e2d6c6566743a20323070783b206d617267696e2d72696768743a20323070783b2220616c743d22223e3c62723e3c2f703e3c756c3e3c6c693ec4b06874697961c3a72062656c69726c656d653c62723e3c2f6c693e3c6c693e506c616e6c616d613c62723e3c2f6c693e3c6c693e50726f6a656c656e6469726d652076653c62723e3c2f6c693e3c6c693e53697a6520656e20757967756e20c3a7c3b67ac3bc6dc3bc6e20796170c4b16c6d6173c4b13c62723e3c2f6c693e3c2f756c3e3c703e3c62723e3c2f703e3c703e3c62723e3c2f703e3c703e3c62723e3c2f703e3c703e3c62723e3c2f703e3c703e3c62723e3c2f703e3c703e3c62723e3c2f703e3c703e3c62723e3c2f703e3c703e3c62723e3c2f703e3c703e3c62723e3c2f703e3c703e3c62723e3c2f703e3c703e3c62723e3c2f703e3c703e3c62723e3c2f703e3c703e3c62723e3c2f703e3c703e3c62723e3c2f703e3c68723e3c703e4b756c6c616ec4b16c616e2074656b6e6f6c6f6a696c65722069c3a765726973696e6465206261c59f6cc4b163613b3c2f703e3c703e7068702c206d7973716c2c206a71756572792c20666c6578736c696465722c207265766f6c7574696f6e20736c69646572266e6273703b2079657220616c6d616b746164c4b1722e3c2f703e,'Elektronik ve yapı güvenliği çözümleri sunan dekogard\'ın sitesi','0','2014-01-15','dekogard.png','dekogard.png'),
 ('57','1','1','Damnyourhot.com','damnyourhot-com',0x3c703e3c696d6720616c743d2222207372633d222f676e632f766572692f5f696d616765732f64616d6e796f7572686f74312e706e6722207374796c653d22666c6f61743a6c6566743b206865696768743a33313470783b206d617267696e2d6c6566743a313070783b206d617267696e2d72696768743a313070783b2077696474683a353030707822202f3e44616d6e796f7572686f742e636f6d2c20416d6572696b616cc4b120626972206d2675756d6c3bc59f746572696d652079617074c4b1c49fc4b16d20696c6b207765622070726f6a656c6572696d64656e206269726973692e2e2e2050726f6a65206bc4b1736163612c206b756c6c616ec4b163c4b16c6172c4b16e20626972626972696e696e20666f746fc49f7261666c6172c4b16ec4b1206f796c616d6173c4b120766520617920736f6e756e646120656e202663636564696c3b6f6b206f7920616c616e6c6172c4b16e20266f756d6c3b642675756d6c3b6c6c656e646972696c6d6573696e692068656465666c6579656e206b2675756d6c3b2663636564696c3b2675756d6c3b6b2062697220736f7379616c2061c49f2070726f6a6573696469722e3c2f703e0a0a3c703e264f756d6c3b6e2675756d6c3b6d2675756d6c3b7a64656b6920672675756d6c3b6e6c657264652070726f6a657969206269722065546963617265742073697374656d69796c65206269726c65c59f7469726563656b206f6c616e204d722e4a6f6e2048756d6d656c262333393b65206261c59f6172c4b12064696c656b6c6572696d692073756e75796f72756d2e3c2f703e0a0a3c6872202f3e0a3c703e4b756c6c616ec4b16c616e2074656b6e6f6c6f6a696c657220692663636564696c3b65726973696e6465206261c59f6cc4b163613b3c2f703e0a0a3c703e7068702c206d7973716c2c206a71756572792c20616a61782c207973686f75742c207368617265746869732c20636f6e6e65637420776974682066616365626f6f6b2c2074776974746572206170693c2f703e0a,'Kullanıcıların birbirlerinin fotoğraflarını oyladığı sosyal ağ','0','2014-01-14','phpJ5iY1d.jpg','phpJ5iY1d.jpg'),
 ('58','1','1','GNC CMS &amp; framework','gnc-cms-andamp-framework',0x3c703e5765622067656c69c59f7469726963696c657220692663636564696c3b696e2079617ac4b16c6dc4b1c59f206f6c616e20766520c59f75616e206265746120732675756d6c3b722675756d6c3b6d2675756d6c3b20696c65206b6172c59fc4b16ec4b17a646120647572616e20474e432079692064656e656d656e697a6920266f756d6c3b6e657269796f72756d2e3c2f703e0a0a3c703e2643636564696c3b6f6b2079616bc4b16e64612064657461796cc4b12062696c67696c6572692073697a6c65726c65207061796c61c59f616361c49fc4b16d2e3c2f703e0a0a3c6872202f3e0a3c703e5048502c204d7953514c2c2050444f2c204a51756572792c20414a41583c2f703e0a,'PHP tabanlı İçerik Yönetim Sistemi','0','2014-01-15','gnc.jpg','gnc.jpg'),
 ('59','1','1','Fikirsizsiniz','fikirsizsiniz',0x3c703e3c696d6720616c743d2222207372633d222f676e632f766572692f5f696d616765732f66696b697273697a73696e697a312e706e6722207374796c653d22666c6f61743a72696768743b206865696768743a32363070783b206d617267696e2d6c6566743a323070783b206d617267696e2d72696768743a323070783b2077696474683a343530707822202f3e46696b697273697a73696e697a206b656e64692070726f6a656c6572696d64656e206269726973692c20c59f75616e20796170c4b16c6d6164c4b1c49fc4b120692663636564696c3b696e2064657461796cc4b12062696c676920766572656d6579656365c49f696d20616e63616b206164c4b16e64616e20646120616e6c61c59fc4b16c6162696c656365c49f692067696269206b69c59f696c6572696e2066696b69722076652062696c6769207061796c61c59fc4b16dc4b16e64612062756c756e6162696c6d6573696e69207361c49f79616c616e20626972207765622073657276697369206f6c6163616b2e3c2f703e0a0a3c6872202f3e0a3c703e5048502c204d7953514c2c204a51756572792c20414a41582c2046696c652067657420636f6e74656e743c2f703e0a,'Bilgi ve fikir paylaşım platformu','0','2014-01-15','fikirsizsiniz.jpg','fikirsizsiniz.jpg'),
 ('60','1','1','Difose','difose',0x3c703ec4b06c6b20542675756d6c3b726b2663636564696c3b6520466f72656e7369632079617ac4b16cc4b16dc4b1206769626920542675756d6c3b726b69796564656b6920696c6b6c65726520696d7a612061746dc4b1c59f20416e6b617261206d65726b657a6c692064696a6974616c20672675756d6c3b76656e6c696b206669726d6173c4b1204449464f5345262333393b6e696e20776562207369746573692e2e2e3c2f703e0a0a3c703e4669726d612068616b6bc4b16e64612062696c6769207665726d656b20676572656b697273653b3c2f703e0a0a3c756c3e0a093c6c693e42696c69c59f696d2073752663636564696c3b6c6172c4b1207665206b6f72756e6d61206b6f6e7573756e64612065c49f6974696d3c2f6c693e0a093c6c693e41646c692062696c69c59f696d206b6f6e756c6172c4b16e64612062696c6972206b69c59f696c696b3c2f6c693e0a093c6c693e557a6d616e206d2675756d6c3b74616c616173c4b13c2f6c693e0a093c6c693e56657269206b75727461726d612067696269202663636564696c3b266f756d6c3b7a2675756d6c3b6d6c6572202675756d6c3b7265746d656b74656c65722e3c2f6c693e0a3c2f756c3e0a0a3c703e3c696d6720616c743d2222207372633d222f676e632f766572692f5f696d616765732f6469666f7365312e706e6722207374796c653d22666c6f61743a6c6566743b206865696768743a33383070783b206d617267696e2d6c6566743a323070783b206d617267696e2d72696768743a323070783b2077696474683a383030707822202f3e3c2f703e0a0a3c703e266e6273703b3c2f703e0a0a3c703e266e6273703b3c2f703e0a0a3c703e266e6273703b3c2f703e0a0a3c703e266e6273703b3c2f703e0a0a3c703e266e6273703b3c2f703e0a0a3c703e266e6273703b3c2f703e0a0a3c703e266e6273703b3c2f703e0a0a3c703e266e6273703b3c2f703e0a0a3c703e266e6273703b3c2f703e0a0a3c703e266e6273703b3c2f703e0a0a3c703e266e6273703b3c2f703e0a0a3c6872202f3e0a3c703e5369746520692663636564696c3b65726973696e6465206b756c6c616ec4b16c616e206261c59f6cc4b163612074656b6e6f6c6f6a696c65722e3c2f703e0a0a3c703e5068702c204d7973716c2c204a71756572793c2f703e0a,'DIFOSE şirketinin web sitesi','0','2014-01-15','difose1.png','difose1.png'),
 ('61','1','1','Çok yakında','cok-yakinda',0x3c703e53697a6c657220692663636564696c3b696e207061722663636564696c3b61206b6f64206f6c6172616b2073756e616361c49fc4b16d207665207461726166c4b16d64616e2079617ac4b16c616e20742675756d6c3b6d206b6f646c6172752062752062266f756d6c3b6c2675756d6c3b6d64656e207061796c61c59f616361c49fc4b16d2e205061796c61c59fc4b16d6c6172c4b16d2074616d616d6c616e6d616dc4b1c59f206b6f646c6172206f6c6162696c656365c49f69206769626920672675756d6c3b6e63656c6c69c49f696e692079697469726d69c59f206b6f646c6172206461206f6c6162696c69722e2042756e64616e20736562657020c59f696d646964656e20266f756d6c3b7a2675756d6c3b722064696c69796f72756d2e3c2f703e0a,'Sizler için parça kod olarak sunacağım bölüm','0','2014-03-24','','');

DROP TABLE IF EXISTS `gnc_iceriklerin_benzer_icerikleri`;

CREATE TABLE `gnc_iceriklerin_benzer_icerikleri` (
  `iceriklerin_benzer_icerikleri_id` int(8) NOT NULL AUTO_INCREMENT,
  `icerik_id` int(8) NOT NULL,
  `benzer_icerik_id` int(8) NOT NULL,
  PRIMARY KEY (`iceriklerin_benzer_icerikleri_id`)
) ENGINE=InnoDB AUTO_INCREMENT=87 DEFAULT CHARSET=utf8;

insert into `gnc_iceriklerin_benzer_icerikleri` values('11','37','34'),
 ('12','39','36'),
 ('13','40','34'),
 ('14','40','37'),
 ('15','41','34'),
 ('16','41','37'),
 ('17','42','40'),
 ('18','42','34'),
 ('19','42','37'),
 ('20','42','41'),
 ('21','43','40'),
 ('22','43','34'),
 ('23','43','37'),
 ('24','43','42'),
 ('25','43','41'),
 ('26','44','40'),
 ('27','44','43'),
 ('28','44','42'),
 ('29','45','40'),
 ('30','45','37'),
 ('31','45','44'),
 ('32','45','43'),
 ('33','45','42'),
 ('37','47','38'),
 ('38','48','47'),
 ('39','48','38'),
 ('40','49','40'),
 ('41','49','36'),
 ('42','49','43'),
 ('43','50','46'),
 ('44','51','47'),
 ('45','51','38'),
 ('46','51','48'),
 ('54','56','34'),
 ('83','46','40'),
 ('84','46','36'),
 ('85','46','43'),
 ('86','46','49');

DROP TABLE IF EXISTS `gnc_iceriklerin_kategorileri`;

CREATE TABLE `gnc_iceriklerin_kategorileri` (
  `iceriklerin_kategorisi_id` int(8) NOT NULL AUTO_INCREMENT,
  `icerik_id` int(8) NOT NULL,
  `kategori_id` int(8) NOT NULL,
  PRIMARY KEY (`iceriklerin_kategorisi_id`)
) ENGINE=InnoDB AUTO_INCREMENT=77 DEFAULT CHARSET=utf8;

insert into `gnc_iceriklerin_kategorileri` values('18','34','1'),
 ('20','36','1'),
 ('21','37','1'),
 ('22','38','1'),
 ('23','39','1'),
 ('24','40','1'),
 ('25','41','1'),
 ('26','42','1'),
 ('27','43','1'),
 ('28','44','1'),
 ('29','45','1'),
 ('31','47','1'),
 ('32','48','1'),
 ('33','49','1'),
 ('34','50','1'),
 ('35','51','1'),
 ('38','52','2'),
 ('58','35','2'),
 ('60','53','2'),
 ('63','56','1'),
 ('71','46','0'),
 ('72','57','1'),
 ('73','58','1'),
 ('74','59','1'),
 ('75','60','1'),
 ('76','61','2');

DROP TABLE IF EXISTS `gnc_iceriklerin_sablonlari`;

CREATE TABLE `gnc_iceriklerin_sablonlari` (
  `iceriklerin_sablonlari_id` int(8) NOT NULL AUTO_INCREMENT,
  `icerik_id` int(8) NOT NULL,
  `sablon_id` int(8) NOT NULL,
  `sablon_icerik_id` int(8) NOT NULL,
  `sablon_icerik_degeri` varchar(255) NOT NULL,
  PRIMARY KEY (`iceriklerin_sablonlari_id`)
) ENGINE=InnoDB DEFAULT CHARSET=utf8;


DROP TABLE IF EXISTS `gnc_iletisim_formu`;

CREATE TABLE `gnc_iletisim_formu` (
  `iletisim_id` int(8) NOT NULL AUTO_INCREMENT,
  `iletisim_adi` varchar(65) NOT NULL,
  `iletisim_eposta` varchar(255) NOT NULL,
  `iletisim_aciklama` text NOT NULL,
  `iletisim_tarih` varchar(65) NOT NULL,
  PRIMARY KEY (`iletisim_id`)
) ENGINE=InnoDB AUTO_INCREMENT=2 DEFAULT CHARSET=utf8;

insert into `gnc_iletisim_formu` values('1','Metehan Güncü','metehan@adamail.com','ya bu framework ne de güzel olmuş, aferin len','2013-01-01');

DROP TABLE IF EXISTS `gnc_kategoriler`;

CREATE TABLE `gnc_kategoriler` (
  `kategori_id` int(8) NOT NULL AUTO_INCREMENT,
  `kategori_id_ust` int(8) NOT NULL,
  `dil_id` int(8) NOT NULL,
  `kategori_adi` varchar(255) NOT NULL,
  `kategori_sef` varchar(255) NOT NULL,
  `kategori_sira` int(3) DEFAULT '0' COMMENT 'Kategori sıralaması üst kategorilere bakılmaksızın yapılmaktadır, ancak sorgulama her bir kategorinin içeriğine göre yapılmaktadır. Dolayısyla veritabanı üzerinden mantıki bir değişiklik yapıldığında sorun olmayacaktır. En küçük değer en üstte olacak şekilde sıralanmaktadır.',
  `kategori_yetki` int(11) DEFAULT '0',
  PRIMARY KEY (`kategori_id`)
) ENGINE=InnoDB AUTO_INCREMENT=3 DEFAULT CHARSET=utf8 COMMENT='Kategoriler her dile göre değişiklik gösterdiği için düzgün bir şekilde planlanmalı ve her dilde paralel olarak geliştirilmelidir. Tabiki o dilde, o kategoriye bir içerik verilmeyecekse o kategoriye ihtiyaç bulunmayacağı için gereksiz kategoriler yaratmanıza gerek yoktur. ';

insert into `gnc_kategoriler` values('1','0','1','Yaptıklarım','yaptiklarim','0','100'),
 ('2','0','1','Diğer','diger','0','100');

DROP TABLE IF EXISTS `gnc_kullanicilar`;

CREATE TABLE `gnc_kullanicilar` (
  `kullanici_id` int(11) NOT NULL AUTO_INCREMENT,
  `kullanici_kullanici_adi` varchar(65) NOT NULL,
  `kullanici_sifre` varchar(65) NOT NULL,
  `kullanici_tipi` tinyint(2) NOT NULL COMMENT '0 ziyaretçi, 1 üye, 100 yonetici, 111 geliştirici',
  `kullanici_aktif` varchar(10) DEFAULT '0' COMMENT 'Kullanıcının aktif olup olmadığı belirten ve aktivasyon kodunu belirten alan, 1 ise kullanıcı aktif demektir, 0 ise engelli. Aksi durumlarda kullanıcı aktivasyon için bekleniyor demektir.',
  `kullanici_grup` tinyint(3) DEFAULT '0',
  `kullanici_adi` varchar(65) DEFAULT NULL,
  `kullanici_soyadi` varchar(65) DEFAULT NULL,
  `kullanici_resim` varchar(255) DEFAULT NULL,
  `kullanici_fb` varchar(65) DEFAULT NULL,
  `kullanici_son_timestamp` varchar(65) DEFAULT NULL,
  `kullanici_son_ip` varchar(65) DEFAULT NULL,
  PRIMARY KEY (`kullanici_id`)
) ENGINE=InnoDB AUTO_INCREMENT=5 DEFAULT CHARSET=utf8 COMMENT='Kullanıcılar tablosu sitenize üye girişi olsun yada olmasın veri tablosu kullanarak dinamik içerik besleme fonksiyonları kullacaksanız mutlaka olmalıdır. Bu tabloda yönetici, editor vs. siteyi kullanacak kaç kişi varsa tamamının bilgilerini içerir.\n\nEn önemli değerlerden birisi kullanıcı_tipi değeridir. Bu değer yetkilendirme yapmak için kullanılmakta olup, genel mantık olarak\n\n0               -> ziyaretçi (Veri tabanında yer almaz)\n1, 99        -> normak üye\n100, 110 -> editor\n111          -> geliştirici olarak kullanılmaktadır.\n\ngnc ile her ne kadar devasa projelede geliştirlebilsede, çekirdek yapı içerisinde kullanıcı tipi büyük olan o içeriği görür mantığı ile yetkilendirme yapılmıştır. Bu durumun her ihtiyacı karşılamayacağı açıktır ve bu algoritmayı ihtiyacınıza uygun olarak değiştrebilirsiniz ancak kendi projenize uygun olarak farklı kullanıcı tiplerini yukarıda belirtilen aralıklara göre kullanırsanız herhangi bir sorun yaşayacağınızı düşünmemekteyim.\n\n\n';

insert into `gnc_kullanicilar` values('1','gnc','GNXR','111','1','1','Günce','Bektaş',null,null,'1395777713','::1'),
 ('3','admin','GNXR','100','1','1','Administrator','Admin',null,null,null,null),
 ('4','normal','GNXR','1','1','1','Normal ','Kullanıcı',null,null,null,null);

DROP TABLE IF EXISTS `gnc_kullanicilarin_gruplari`;

CREATE TABLE `gnc_kullanicilarin_gruplari` (
  `kullanici_grup_id` int(8) NOT NULL AUTO_INCREMENT,
  `kullanici_grup_adi` varchar(65) NOT NULL,
  PRIMARY KEY (`kullanici_grup_id`)
) ENGINE=InnoDB AUTO_INCREMENT=2 DEFAULT CHARSET=utf8;

insert into `gnc_kullanicilarin_gruplari` values('1','Normal üye');

DROP TABLE IF EXISTS `gnc_kullanicilarin_mesajlari`;

CREATE TABLE `gnc_kullanicilarin_mesajlari` (
  `kullanici_mesaj_id` int(8) NOT NULL AUTO_INCREMENT,
  `kullanici_t_id` int(8) NOT NULL,
  `kullanici_r_id` int(8) NOT NULL,
  `kullanici_mesaj_sahibi` tinyint(3) NOT NULL,
  `kullanici_mesaj_timestamp` varchar(65) DEFAULT '2013-01-01',
  `kullanici_mesaj_t_ip` varchar(65) DEFAULT NULL,
  `kullanici_mesaj_konusu` varchar(255) DEFAULT NULL,
  `kullanici_mesaj_icerigi` text NOT NULL,
  `kullanici_mesaj_okunmus_mu` tinyint(1) DEFAULT '0',
  `kullanici_mesaj_silinmis_mi` tinyint(1) DEFAULT '0',
  PRIMARY KEY (`kullanici_mesaj_id`)
) ENGINE=InnoDB AUTO_INCREMENT=37 DEFAULT CHARSET=utf8;

insert into `gnc_kullanicilarin_mesajlari` values('1','1','2','1','1388396631',null,'dsadsad','sadasdads','0','0'),
 ('2','1','2','1','1388396631',null,'sdasdads','dsafdadmald','0','0'),
 ('3','1','3','1','1388392571',null,'asdsaddas','adsasddsasda','0','0'),
 ('4','1','3','3','1388392571',null,'asdsaddas','adsasddsasda','0','0'),
 ('5','3','1','1','1388396611',null,'subject is here','this is messagethis is messagethis is messagethis is messagethis is messagethis is messagethis is messagethis is messagethis is messagethis is messagethis is messagethis is messagethis is messagethis is messagethis is messagethis is messagethis is messagethis is messagethis is messagethis is messagethis is messagethis is messagethis is messagethis is messagethis is messagethis is messagethis is messagethis is messagethis is messagethis is messagethis is messagethis is messagethis is messagethis is messagethis is messagethis is messagethis is messagethis is messagethis is messagethis is message','0','0'),
 ('6','3','1','3','1388396611',null,'subject is here','this is message','0','0'),
 ('9','1','8','1','1388396611',null,'message to danielmessage to danielmessage to danie','text text text elmessage to danielmessage to danielmessage to danielmessage to danielmessage to danielmessage to danielmessage to danielmessage to danielmessage to danielmessage to danielmessage to danielmessage to danielmessage to danielmessage to danielmessage to danielmessage to danielmessage to ','0','0'),
 ('10','1','8','8','1388396611',null,'message to danielmessage to danielmessage to danie','text text text elmessage to danielmessage to danielmessage to danielmessage to danielmessage to danielmessage to danielmessage to danielmessage to danielmessage to danielmessage to danielmessage to danielmessage to danielmessage to danielmessage to danielmessage to danielmessage to danielmessage to ','0','0'),
 ('11','1','8','1','1388396611',null,'new message with email feature','asdasddsaasdasdasdasdsdadssadsad','0','0'),
 ('12','1','8','8','1388396611',null,'new message with email feature','asdasddsaasdasdasdasdsdadssadsad','0','0'),
 ('31','5','1','5','1388396611',null,'denemmememe to mail','deneme to mail','0','0'),
 ('32','5','1','1','1388396611',null,'denemmememe to mail','deneme to mail','0','0'),
 ('33','5','1','5','1388396611',null,'deneme to mail2','sdaalsdöaşsldöasldkaposdjasoıdjnıoc ajıodjnıaojdcıasnjdıa','0','0'),
 ('34','5','1','1','1388396611',null,'deneme to mail2','sdaalsdöaşsldöasldkaposdjasoıdjnıoc ajıodjnıaojdcıasnjdıa','0','0'),
 ('35','5','1','5','1388396611',null,'DENEMEMEMEMEM MAİL 3','SADASDKAPODKAOPDKAOSDKOAKPODAKDS','0','0'),
 ('36','5','1','1','1388396611',null,'DENEMEMEMEMEM MAİL 3','SADASDKAPODKAOPDKAOSDKOAKPODAKDS','0','0');

DROP TABLE IF EXISTS `gnc_kullanicilarin_tipleri`;

CREATE TABLE `gnc_kullanicilarin_tipleri` (
  `kullanici_tip_id` int(8) NOT NULL AUTO_INCREMENT,
  `kullanici_tip_adi` varchar(65) NOT NULL,
  `kullanici_tip_yetki` int(8) NOT NULL DEFAULT '1',
  PRIMARY KEY (`kullanici_tip_id`)
) ENGINE=InnoDB AUTO_INCREMENT=5 DEFAULT CHARSET=utf8;

insert into `gnc_kullanicilarin_tipleri` values('1','uye','1'),
 ('2','editor','100'),
 ('3','gelistirici','111'),
 ('4','herkes','0');

DROP TABLE IF EXISTS `gnc_menuler`;

CREATE TABLE `gnc_menuler` (
  `menu_id` int(3) NOT NULL AUTO_INCREMENT,
  `dil_id` int(3) NOT NULL,
  `menu_adi` varchar(255) NOT NULL,
  `menu_aciklama` varchar(255) DEFAULT NULL,
  PRIMARY KEY (`menu_id`)
) ENGINE=InnoDB AUTO_INCREMENT=3 DEFAULT CHARSET=utf8;

insert into `gnc_menuler` values('1','1','Türkçe menü','Ana menü'),
 ('2','2','İngilizce menü','Ana menü');

DROP TABLE IF EXISTS `gnc_menulerin_elemanlari`;

CREATE TABLE `gnc_menulerin_elemanlari` (
  `menu_eleman_id` int(3) NOT NULL AUTO_INCREMENT,
  `menu_id` int(3) NOT NULL,
  `menu_eleman_id_ust` int(3) DEFAULT '0',
  `dosya_id` int(8) NOT NULL,
  `menu_eleman_adi` varchar(65) NOT NULL COMMENT 'dil dosyasında bulunan $dil[''gnc_menu_adi''] değişkeni gösterilecektir.',
  `menu_eleman_href` varchar(255) NOT NULL,
  `menu_eleman_target` varchar(65) NOT NULL DEFAULT '_self' COMMENT 'target="_blank|_self|_parent|_top|framename"',
  `menu_eleman_img` varchar(255) DEFAULT NULL,
  `menu_eleman_sira` int(3) NOT NULL DEFAULT '0',
  `menu_eleman_yetki` int(3) DEFAULT '0',
  `menu_eleman_renk` varchar(10) DEFAULT '0',
  PRIMARY KEY (`menu_eleman_id`,`menu_eleman_sira`)
) ENGINE=InnoDB AUTO_INCREMENT=56 DEFAULT CHARSET=utf8;

insert into `gnc_menulerin_elemanlari` values('46','1','0','0','Anasayfa','anasayfa','_self',null,'0','0','0'),
 ('47','1','0','0','GNC','sayfa/gnc-nedir-ne-degildir','_self',null,'1','0','0'),
 ('48','0','0','0','Yaptıklarım','yaptiklarim','_self',null,'2','0','0'),
 ('49','1','0','0','Hakkımda','hakkimda','_self',null,'3','0','0'),
 ('50','1','0','0','Kahve?','sayfa/biri-kahve-mi-dedi','_self',null,'4','0','0'),
 ('51','0','0','0','Forum','forum','_blank',null,'5','0','0'),
 ('52','1','0','0','Blog','blog','_self',null,'6','0','0'),
 ('53','1','0','0','İletişim','iletisim','_self',null,'7','0','red'),
 ('54','1','0','0','Yönetim','yonetim','_self',null,'8','100','red'),
 ('55','1','0','0','Çıkış','cikis','_self',null,'9','1','red');

DROP TABLE IF EXISTS `gnc_moduller`;

CREATE TABLE `gnc_moduller` (
  `dosya_id` int(8) NOT NULL AUTO_INCREMENT,
  `dosya_adi` varchar(255) NOT NULL COMMENT 'anasayfa, giris vb… gorunum ve model dosyasında yer alan dosyaların sadece adı',
  `dosya_yayin_durumu` tinyint(2) DEFAULT '1' COMMENT 'Yayındaysa 1, değilse 0 ',
  `dosya_izin_durumu` tinyint(2) NOT NULL DEFAULT '0' COMMENT '0 ziyaretçi, 1-99 üye, 100-110 yönetici, 111+ geliştirici',
  `dosya_header` varchar(65) DEFAULT NULL COMMENT 'Eğer bu dosyada farklı bir header yüklenecekse, görünüm klasöründeki adresi belirtilmeli',
  `dosya_footer` varchar(65) DEFAULT NULL COMMENT 'Eğer bu dosyada farklı bir footer yüklenecekse, görünüm klasöründeki adresi belirtilmeli',
  `dosya_gorunum_cache` int(16) DEFAULT '0',
  `dosya_model_cache` int(16) DEFAULT '0',
  `dosya_header_cache` int(16) DEFAULT '0',
  `dosya_footer_cache` int(16) DEFAULT '0',
  PRIMARY KEY (`dosya_id`)
) ENGINE=InnoDB AUTO_INCREMENT=27 DEFAULT CHARSET=utf8 COMMENT='gorunum ve model içerisinde yer alan php dosyalarının yayın ve yetki durumlarının yer aldığı tablodur, güvenlik ve işlevsellik açısından çok önemlidir.\n\nBurada kayıtlı olmayan bir dosya çalıştırılamaz. Dolayısıyla yeni bir sayfa veya özellik eklemek istediğinizde bu tabloya kayıt girmek zorundasınız. Bunu yönetim panelinden kolayca yapabilirsiniz.\n\nNe yaptığınızı bilmiyorsanız tablo yapısı ile oynamayın. İçerisinde yer alan gnc_ ifadesi ile başlayan hiçbir şeyi silmeyiniz. Çünkü yönetim bölümü sistem ile entegre içinde yazılmış olup ayrıştırılamaz.';

insert into `gnc_moduller` values('1','anasayfa','1','0','','','0','0','0','0'),
 ('2','cikis','1','0','','','0','0','0','0'),
 ('5','yonetim/gnc','1','100','yonetim/header','yonetim/footer','0','0','0','0'),
 ('8','gnc_giris','1','0','yonetim/header_gnc','yonetim/footer_gnc','0','0','0','0'),
 ('9','gnc_kayit','1','0','yonetim/header_gnc','yonetim/footer_gnc','0','0','0','0'),
 ('10','gnc_sifremi_unuttum','1','0','yonetim/header_gnc','yonetim/footer_gnc','0','0','0','0'),
 ('22','yaptiklarim','1','0','','','0','0','0','0'),
 ('23','hakkimda','1','0','','','0','0','0','0'),
 ('24','iletisim','1','0','','','0','0','0','0'),
 ('25','blog','1','0','','','0','0','0','0'),
 ('26','sayfa','1','0','','','0','0','0','0');

DROP TABLE IF EXISTS `gnc_oturumlar`;

CREATE TABLE `gnc_oturumlar` (
  `oturum_id` varchar(32) NOT NULL,
  `oturum_veri` text NOT NULL,
  `oturum_sure` int(16) NOT NULL,
  PRIMARY KEY (`oturum_id`)
) ENGINE=MyISAM DEFAULT CHARSET=utf8;

insert into `gnc_oturumlar` values('f5582542ff52e15fbf615d72f1cfd21c','kullanici_id|s:1:\"1\";kullanici_kullanici_adi|s:3:\"gnc\";kullanici_tipi|s:3:\"111\";kullanici_aktif|s:1:\"1\";kullanici_grup|s:1:\"1\";kullanici_adi|s:6:\"Günce\";kullanici_soyadi|s:7:\"Bektaş\";kullanici_resim|N;kullanici_fb|N;kullanici_son_timestamp|s:10:\"1395777505\";kullanici_son_ip|s:3:\"::1\";dil|s:2:\"tr\";dil_kodu|s:5:\"tr_TR\";mobile|i:0;kullanici_timestamp|i:1395778376;kullanici_ip|s:3:\"::1\";','1395778376'),
 ('79fed3341995f93c0e95d2275da7d72f','kullanici_tipi|i:0;kullanici_id|i:0;dil|s:2:\"tr\";dil_kodu|s:5:\"tr_TR\";mobile|i:0;kullanici_timestamp|i:1395838217;kullanici_ip|s:3:\"::1\";','1395838217');

DROP TABLE IF EXISTS `gnc_sablonlar`;

CREATE TABLE `gnc_sablonlar` (
  `sablon_id` int(8) NOT NULL AUTO_INCREMENT,
  `dil_id` int(3) NOT NULL,
  `sablon_adi` varchar(65) NOT NULL,
  `sablon_aciklama` varchar(255) DEFAULT NULL,
  PRIMARY KEY (`sablon_id`)
) ENGINE=InnoDB AUTO_INCREMENT=28 DEFAULT CHARSET=utf8 COMMENT='Şablonlar dinamik olarak girilen içerikleri kişiselleştirmeyi ve özelleştirmeyi sağlar. \n\nGirilen bir içerik blog yazısı olabileceği gibi, satışı yapılacak olan bir ürün, indirilmesi istenen dosyayar bötünü vs. herşey olabilir. Bu içeriğin özelleştirilebilmesini ürün üzerinden örneklendirmek gerekirse;\n\nBir ürünün en basit özellikleri olarak en, boy ve fiyatı belirleyelim. Bu elemanları içeren bir şablon yaratılır, ardından şablon içeriğe ilişkilendirilirse, içeriğe bu değerleri atamak mümkün olur ve yeni içerik yaratılacağı zaman sistem sizden bu içeriğin en, boy ve fiyat değerlerini girmenizi ister. Görünüm kısmında içeriğin şablon değerlerini çağırdığınızda… işte hepsi bu kadar, içerik artık bir yazı değil bir ürün haline gelmiştir.';

insert into `gnc_sablonlar` values('27','1','Ürün boyutları','Ürünün en boy bilgisi');

DROP TABLE IF EXISTS `gnc_sablonlarin_icerikleri`;

CREATE TABLE `gnc_sablonlarin_icerikleri` (
  `sablon_icerik_id` int(8) NOT NULL AUTO_INCREMENT,
  `sablon_id` int(8) NOT NULL,
  `sablon_icerik_adi` varchar(65) NOT NULL,
  `sablon_icerik_aciklama` varchar(255) NOT NULL,
  PRIMARY KEY (`sablon_icerik_id`)
) ENGINE=InnoDB AUTO_INCREMENT=28 DEFAULT CHARSET=utf8;

insert into `gnc_sablonlarin_icerikleri` values('26','27','en','ürünün eni'),
 ('27','27','boy','ürünün boyu');

DROP TABLE IF EXISTS `gnc_veriler`;

CREATE TABLE `gnc_veriler` (
  `veri_id` int(11) NOT NULL AUTO_INCREMENT,
  `veri_adi` varchar(65) NOT NULL,
  `veri_yolu` varchar(255) NOT NULL,
  `veri_tipi` int(3) DEFAULT NULL COMMENT '1-> resim, 11-> dışardan resim, 2-> video, 21 -> dışardan video, 0->diğer',
  `veri_aciklama` varchar(255) DEFAULT NULL,
  `veri_tarih` varchar(65) DEFAULT NULL,
  PRIMARY KEY (`veri_id`)
) ENGINE=InnoDB AUTO_INCREMENT=146 DEFAULT CHARSET=utf8 COMMENT='Albüm, slide, carousel, dosya indirme vs. için kullanılmak üzere gnc ile yüklenen veriler ana dizindeki /veri/dosyalar klasörüne yerleştirmektedir. \n\n/veri/dosyalar klasörüne tüm dosyalar yüklenmekte olup eğer resimler için belirtilmişse thumbnail versiyonları /veri/dosyalar/thumb içerisine dosyanın ismi değiştirilmeksizin yüklenmektedir. Eğer dosya resim değilse ve buna rağmen thumb için bir ifade yazılmışsa, dosya''nın bir kopyası yine thumb içerisine yüklenecektir. Bu husus kullanıcıya bir yük getirmezken sunucuda gereksiz dosya barındıracağı için disk alanı kullanımını olumsuz etkileyecektir.\n\nMetin editorunden yuklenen resimler bu bölümden bağımsız tutulmuş olup, editor içerisinden yüklenen veriler yine /veri klasöründe yer alan /_images ve /_thumbs klasörüne yüklenmektedir.';

insert into `gnc_veriler` values('101','phpzzmCaZ.jpg','phpzzmCaZ.jpg','1','phpzzmCaZ.jpg','2013-09-24'),
 ('102','phpVeHhnv.jpg','phpVeHhnv.jpg','1','phpVeHhnv.jpg','2013-09-24'),
 ('103','phpFfsBNS.jpg','phpFfsBNS.jpg','1','phpFfsBNS.jpg','2013-09-24'),
 ('104','phpdiNOwy.jpg','phpdiNOwy.jpg','1','phpdiNOwy.jpg','2013-09-24'),
 ('105','phptAzv9h.jpg','phptAzv9h.jpg','1','phptAzv9h.jpg','2013-09-24'),
 ('106','phpRv9Tzo.jpg','phpRv9Tzo.jpg','1','phpRv9Tzo.jpg','2013-09-24'),
 ('107','phpdUTomX.jpg','phpdUTomX.jpg','1','phpdUTomX.jpg','2013-09-28'),
 ('108','phpqHt1td.jpg','phpqHt1td.jpg','1','phpqHt1td.jpg','2013-09-28'),
 ('109','phpGhd3or.jpg','phpGhd3or.jpg','1','phpGhd3or.jpg','2013-09-28'),
 ('110','phptjNh45.jpg','phptjNh45.jpg','1','phptjNh45.jpg','2013-09-28'),
 ('111','php1Rz4Ae.jpg','php1Rz4Ae.jpg','1','php1Rz4Ae.jpg','2013-09-28'),
 ('112','phptiWhRM.jpg','phptiWhRM.jpg','1','phptiWhRM.jpg','2013-09-28'),
 ('113','php0BHaQv.jpg','php0BHaQv.jpg','1','php0BHaQv.jpg','2013-09-28'),
 ('114','phpDsZvxp.jpg','phpDsZvxp.jpg','1','phpDsZvxp.jpg','2013-09-28'),
 ('115','phpb4SIun.jpg','phpb4SIun.jpg','1','phpb4SIun.jpg','2013-09-28'),
 ('116','phpAdqBTJ.jpg','phpAdqBTJ.jpg','1','phpAdqBTJ.jpg','2013-09-28'),
 ('117','phpi82Kit.jpg','phpi82Kit.jpg','1','phpi82Kit.jpg','2013-09-28'),
 ('118','phpyRtysL.jpg','phpyRtysL.jpg','1','phpyRtysL.jpg','2013-09-28'),
 ('119','phpSxkBRu.jpg','phpSxkBRu.jpg','1','phpSxkBRu.jpg','2013-09-28'),
 ('120','phpofMXr6.jpg','phpofMXr6.jpg','1','phpofMXr6.jpg','2013-09-28'),
 ('121','phpCRLpPy.jpg','phpCRLpPy.jpg','1','phpCRLpPy.jpg','2013-09-28'),
 ('122','php3u0HNY.jpg','php3u0HNY.jpg','1','php3u0HNY.jpg','2013-09-28'),
 ('123','phpeXXL5b.jpg','phpeXXL5b.jpg','1','phpeXXL5b.jpg','2013-09-28'),
 ('124','phpxceYsK.jpg','phpxceYsK.jpg','1','phpxceYsK.jpg','2013-09-28'),
 ('125','phpf0QzLW.jpg','phpf0QzLW.jpg','1','phpf0QzLW.jpg','2013-09-28'),
 ('126','phpqfoTEl.jpg','phpqfoTEl.jpg','1','phpqfoTEl.jpg','2013-09-28'),
 ('127','phpRNmqzi.jpg','phpRNmqzi.jpg','1','phpRNmqzi.jpg','2013-09-28'),
 ('128','phpaPWW2r.jpg','phpaPWW2r.jpg','1','phpaPWW2r.jpg','2013-09-28'),
 ('129','phpUxYuAi.jpg','phpUxYuAi.jpg','1','phpUxYuAi.jpg','2013-09-28'),
 ('130','phpIr4o4g.jpg','phpIr4o4g.jpg','1','phpIr4o4g.jpg','2013-09-28'),
 ('131','phpCUKUNa.jpg','phpCUKUNa.jpg','1','phpCUKUNa.jpg','2013-09-28'),
 ('132','phpCZn843.jpg','phpCZn843.jpg','1','phpCZn843.jpg','2013-09-28'),
 ('133','phpCxR3hx.jpg','phpCxR3hx.jpg','1','phpCxR3hx.jpg','2013-09-28'),
 ('134','php4cCD8Q.jpg','php4cCD8Q.jpg','1','php4cCD8Q.jpg','2013-09-28'),
 ('136','20101221_411332_1292918052_xxkk','20101221_411332_1292918052_xxkk.jpg','1','','2013-10-23'),
 ('137','20101221_411332_1292918052_xxkk.jpg','crop/20101221_411332_1292918052_xxkk.jpg','1','','2013-10-23'),
 ('138','phpO4dd5o.png','phpO4dd5o.png','1','phpO4dd5o.png','2013-10-31'),
 ('139','phplP5JVo.jpg','phplP5JVo.jpg','1','phplP5JVo.jpg','2013-11-11'),
 ('140','alowall','alowall.jpg','1','alowall','2013-11-11'),
 ('141','alowall','alowall.jpg','1','alowall','2013-11-11'),
 ('142','alowall','alowall.jpg','1','alowall','2013-11-11'),
 ('143','phpJ5iY1d.jpg','phpJ5iY1d.jpg','1','phpJ5iY1d.jpg','2013-11-11'),
 ('144','phpj1kl5l.txt','phpj1kl5l.txt','1','phpj1kl5l.txt','2013-11-11'),
 ('145','phpsIjihT.jpg','phpsIjihT.jpg','1','phpsIjihT.jpg','2013-11-11');

DROP TABLE IF EXISTS `gnc_veriler_iller`;

CREATE TABLE `gnc_veriler_iller` (
  `il_id` int(11) NOT NULL AUTO_INCREMENT,
  `ulke_id` int(8) NOT NULL,
  `il_kodu` int(11) NOT NULL,
  `il_adi` varchar(11) NOT NULL,
  PRIMARY KEY (`il_id`)
) ENGINE=MyISAM AUTO_INCREMENT=82 DEFAULT CHARSET=utf8;

insert into `gnc_veriler_iller` values('1','7','1','Adana'),
 ('2','7','2','Adıyaman'),
 ('3','7','3','Afyon'),
 ('4','7','4','Ağrı'),
 ('5','7','5','Amasya'),
 ('6','7','6','Ankara'),
 ('7','7','7','Antalya'),
 ('8','7','8','Artvin'),
 ('9','7','9','Aydın'),
 ('10','7','10','Balıkesir'),
 ('11','7','11','Bilecik'),
 ('12','7','12','Bingöl'),
 ('13','7','13','Bitlis'),
 ('14','7','14','Bolu'),
 ('15','7','15','Burdur'),
 ('16','7','16','Bursa'),
 ('17','7','17','Çanakkale'),
 ('18','7','18','Çankırı'),
 ('19','7','19','Çorum'),
 ('20','7','20','Denizli'),
 ('21','7','21','Diyarbakır'),
 ('22','7','22','Edirne'),
 ('23','7','23','Elazığ'),
 ('24','7','24','Erzincan'),
 ('25','7','25','Erzurum'),
 ('26','7','26','Eskişehir'),
 ('27','7','27','Gaziantep'),
 ('28','7','28','Giresun'),
 ('29','7','29','Gümüşhane'),
 ('30','7','30','Hakkari'),
 ('31','7','31','Hatay'),
 ('32','7','32','Isparta'),
 ('33','7','33','İçel (Mersi'),
 ('34','7','34','İstanbul'),
 ('35','7','35','İzmir'),
 ('36','7','36','Kars'),
 ('37','7','37','Kastamonu'),
 ('38','7','38','Kayseri'),
 ('39','7','39','Kırklareli'),
 ('40','7','40','Kırşehir'),
 ('41','7','41','Kocaeli'),
 ('42','7','42','Konya'),
 ('43','7','43','Kütahya'),
 ('44','7','44','Malatya'),
 ('45','7','45','Manisa'),
 ('46','7','46','K.Maraş'),
 ('47','7','47','Mardin'),
 ('48','7','48','Muğla'),
 ('49','7','49','Muş'),
 ('50','7','50','Nevşehir'),
 ('51','7','51','Niğde'),
 ('52','7','52','Ordu'),
 ('53','7','53','Rize'),
 ('54','7','54','Sakarya'),
 ('55','7','55','Samsun'),
 ('56','7','56','Siirt'),
 ('57','7','57','Sinop'),
 ('58','7','58','Sivas'),
 ('59','7','59','Tekirdağ'),
 ('60','7','60','Tokat'),
 ('61','7','61','Trabzon'),
 ('62','7','62','Tunceli'),
 ('63','7','63','Şanlıurfa'),
 ('64','7','64','Uşak'),
 ('65','7','65','Van'),
 ('66','7','66','Yozgat'),
 ('67','7','67','Zonguldak'),
 ('68','7','68','Aksaray'),
 ('69','7','69','Bayburt'),
 ('70','7','70','Karaman'),
 ('71','7','71','Kırıkkale'),
 ('72','7','72','Batman'),
 ('73','7','73','Şırnak'),
 ('74','7','74','Bartın'),
 ('75','7','75','Ardahan'),
 ('76','7','76','Iğdır'),
 ('77','7','77','Yalova'),
 ('78','7','78','Karabük'),
 ('79','7','79','Kilis'),
 ('80','7','80','Osmaniye'),
 ('81','7','81','Düzce');

DROP TABLE IF EXISTS `gnc_veriler_kitalar`;

CREATE TABLE `gnc_veriler_kitalar` (
  `kita_id` int(8) NOT NULL AUTO_INCREMENT,
  `kita_adi` varchar(255) NOT NULL,
  PRIMARY KEY (`kita_id`)
) ENGINE=InnoDB AUTO_INCREMENT=8 DEFAULT CHARSET=utf8;

insert into `gnc_veriler_kitalar` values('1','Avrupa'),
 ('2','Asya'),
 ('3','Afrika'),
 ('4','Avustralya '),
 ('5','KuzeyAmerika'),
 ('6','GüneyAmerika'),
 ('7','Antartika');

DROP TABLE IF EXISTS `gnc_veriler_ulkeler`;

CREATE TABLE `gnc_veriler_ulkeler` (
  `ulke_id` int(8) NOT NULL AUTO_INCREMENT,
  `kita_id` int(8) NOT NULL,
  `ulke_adi` varchar(255) CHARACTER SET utf8 NOT NULL,
  PRIMARY KEY (`ulke_id`)
) ENGINE=MyISAM AUTO_INCREMENT=47 DEFAULT CHARSET=latin1 COMMENT='Farklı dillerde ülke isimleri';

insert into `gnc_veriler_ulkeler` values('1','0','Irak'),
 ('2','0','B.A.E '),
 ('3','0','İran '),
 ('4','0','Katar '),
 ('5','0','Umman '),
 ('6','0','Yemen '),
 ('7','0','Ürdün '),
 ('8','0','Türkiye'),
 ('9','0','Arnavutluk '),
 ('10','0','Bosna Hersek '),
 ('11','0','Bulgaristan '),
 ('12','0','İngiltere '),
 ('13','0','İrlanda '),
 ('14','0','Kosova '),
 ('15','0','Makedonya '),
 ('16','0','Moldovya '),
 ('17','0','Romanya '),
 ('18','0','Afganistan '),
 ('19','0','Azerbaycan '),
 ('20','0','Gürcistan '),
 ('21','0','Kazakistan '),
 ('22','0','Kırgızistan '),
 ('23','0','Moğolistan '),
 ('24','0','Nepal '),
 ('25','0','Rusya Federasyonu '),
 ('26','0','Ukrayna '),
 ('27','0','Pakistan '),
 ('28','0','Tacikistan '),
 ('29','0','Türkmenistan '),
 ('30','0','Özbekistan '),
 ('31','0','Cezayir '),
 ('32','0','Libya '),
 ('33','0','Fas '),
 ('34','0','Demokratik Kongo Cumhuriyeti '),
 ('35','0','Kongo Cumhuriyeti '),
 ('36','0','Nijer '),
 ('37','0','Nijerya '),
 ('38','0','Kamerun '),
 ('39','0','Sudan '),
 ('40','0','Moritanya '),
 ('41','0','Cibuti '),
 ('42','0','Gabon '),
 ('43','0','Ekvator Gine (Malabo Adası) '),
 ('44','0','Gine '),
 ('45','0','Venezüela '),
 ('46','0','Avustralya ');

DROP TABLE IF EXISTS `gnc_veriler_universiteler`;

CREATE TABLE `gnc_veriler_universiteler` (
  `uni_id` bigint(20) NOT NULL AUTO_INCREMENT,
  `uni_adi` varchar(250) COLLATE utf8_turkish_ci NOT NULL,
  `uni_kurulus_tarihi` varchar(4) COLLATE utf8_turkish_ci NOT NULL,
  `uni_eposta` varchar(45) COLLATE utf8_turkish_ci DEFAULT NULL,
  PRIMARY KEY (`uni_id`)
) ENGINE=InnoDB AUTO_INCREMENT=184 DEFAULT CHARSET=utf8 COLLATE=utf8_turkish_ci;

insert into `gnc_veriler_universiteler` values('1','Orta Doğu Teknik Üniversitesi','1956','odtu.edu.tr'),
 ('8','İstanbul Üniversitesi','1933','istanbul.edu.tr'),
 ('9','Kocaeli Üniversitesi','1976','kocaeli.edu.tr'),
 ('10','Gazi Üniversitesi','1926','gazi.edu.tr'),
 ('12','Sakarya Üniversitesi','1930','sakarya.edu.tr'),
 ('13','Marmara Üniversitesi','1930','marmara.edu.tr'),
 ('14','Ege Üniversitesi','1930','ege.edu.tr'),
 ('15','Dokuz Eylül Üniversitesi','1930','deu.edu.tr'),
 ('16','Uludağ Üniversitesi','1930','uludag.edu.tr'),
 ('17','Karadeniz Teknik Üniversitesi','1930','ktu.edu.tr'),
 ('18','Erciyes Üniversitesi','1930','erciyes.edu.tr'),
 ('19','Süleyman Demirel Üniversitesi','1930','sdu.edu.tr'),
 ('20','Atatürk Üniversitesi','1930','atauni.edu.tr'),
 ('21','Ankara Üniversitesi','1930','ankara.edu.tr'),
 ('22','Dumlupınar Üniversitesi','1930','dpu.edu.tr'),
 ('23','Cumhuriyet Üniversitesi','1930','cumhuriyet.edu.tr'),
 ('24','Çukurova Üniversitesi','1930','cu.edu.tr'),
 ('25','Akdeniz Üniversitesi','1930','akdeniz.edu.tr'),
 ('26','Balıkesir Üniversitesi','1930','balikesir.edu.tr'),
 ('27','Pamukkale Üniversitesi','1930','pamukkale.edu.tr'),
 ('28','Ondokuz Mayıs Üniversitesi','1930','omu.edu.tr'),
 ('29','Abdullah Gül Üniversitesi','1930','agu.edu.tr'),
 ('30','Afyon Kocatepe Üniversitesi','1930','aku.edu.tr'),
 ('31','Celal Bayar Üniversitesi','1930','bayar.edu.tr'),
 ('32','Hacettepe Üniversitesi','1930','hacettepe.edu.tr'),
 ('33','Trakya Üniversitesi','1930','trakya.edu.tr'),
 ('34','Çanakkale Onsekiz Mart Üniversitesi','1930','comu.edu.tr'),
 ('35','Anadolu Üniversitesi','1930','anadolu.edu.tr'),
 ('36','Mustafa Kemal Üniversitesi','1930','mku.edu.tr'),
 ('37','Mersin Üniversitesi','1930','mersin.edu.tr'),
 ('38','Fırat Üniversitesi','1930','firat.edu.tr'),
 ('39','Adnan Menderes Üniversitesi','1930','adu.edu.tr'),
 ('40','Muğla Üniversitesi','1930','mugla.edu.tr'),
 ('41','Giresun Üniversitesi','1930','giresun.edu.tr'),
 ('42','Yıldız Teknik Üniversitesi','1930','yildiz.edu.tr'),
 ('43','Gaziantep Üniversitesi','1930','gantep.edu.tr'),
 ('44','İnönü Üniversitesi','1930','inonu.edu.tr'),
 ('45','Dicle Üniversitesi','1930','dicle.edu.tr'),
 ('46','İstanbul Teknik Üniversitesi','1930','itu.edu.tr'),
 ('47','Gaziosmanpaşa Üniversitesi','1930','gop.edu.tr'),
 ('48','Kırıkkale Üniversitesi','1930','kku.edu.tr'),
 ('49','Abant İzzet Baysal Üniversitesi','1930','ibu.edu.tr'),
 ('50','Eskişehir Osmangazi Üniversitesi','1930','ogu.edu.tr'),
 ('51','Yüzüncü Yıl Üniversitesi','1930','yyu.edu.tr'),
 ('52','Namık Kemal Üniversitesi','1930','nku.edu.tr'),
 ('53','Bülent Ecevit Üniversitesi','1930','karaelmas.edu.tr'),
 ('54','Orta Doğu Teknik Üniversitesi','1930','metu.edu.tr'),
 ('55','Necmettin Erbakan Üniversitesi','1930','konya.edu.tr'),
 ('56','Polis Akademisi','1930','pa.edu.tr'),
 ('57','Kahramanmaraş Sütçü İmam Üniversitesi','1930','ksu.edu.tr'),
 ('58','Mehmet Akif Ersoy Üniversitesi','1930','mehmetakif.edu.tr'),
 ('59','Yeditepe Üniversitesi','1930','yeditepe.edu.tr'),
 ('60','Niğde Üniversitesi','1930','nigde.edu.tr'),
 ('61','Ahi Evran Üniversitesi','1930','ahievren.edu.tr'),
 ('62','Harran Üniversitesi','1930','harran.edu.tr'),
 ('63','Karabük Üniversitesi','1930','karabuk.edu.tr'),
 ('64','İstanbul Aydın Üniversitesi','1930','aydin.edu.tr'),
 ('65','Adıyaman Üniversitesi','1930','adiyaman.edu.tr'),
 ('66','Erzincan Üniversitesi','1930','erzincan.edu.tr'),
 ('67','Kırklareli Üniversitesi','1930','kirklareli.edu.tr'),
 ('68','Beykent Üniversitesi','1930','beykent.edu.tr'),
 ('69','Recep Tayyip Erdoğan Üniversitesi','1930','rize.edu.tr'),
 ('70','Kafkas Üniversitesi','1930','kafkas.edu.tr'),
 ('71','Bilkent Üniversitesi','1930','bilkent.edu.tr'),
 ('72','Düzce Üniversitesi','1930','duzce.edu.tr'),
 ('73','Uşak Üniversitesi','1930','usak.edu.tr'),
 ('74','Aksaray Üniversitesi','1930','aksaray.edu.tr'),
 ('75','Ordu Üniversitesi','1930','odu.edu.tr'),
 ('76','Fatih Üniversitesi','1930','fatih.edu.tr'),
 ('77','Kastamonu Üniversitesi','1930','kastomonu.edu.tr'),
 ('78','Bilecik Şeyh Edebali Üniversitesi','1930','bilecik.edu.tr'),
 ('79','Hitit Üniversitesi','2006','hitit.edu.tr'),
 ('80','İstanbul Bilgi Üniversitesi','1930','bilgi.edu.tr'),
 ('81','Boğaziçi Üniversitesi','1930','boun.edu.tr'),
 ('82','Bahçeşehir Üniversitesi','1930','bahcesehir.edu.tr'),
 ('83','Bozok Üniversitesi','1930','bozok.edu.tr'),
 ('84','Başkent Üniversitesi','1930','baskent.edu.tr'),
 ('85','Gümüşhane Üniversitesi','1930','gumushane.edu.tr'),
 ('86','Karamanoğlu Mehmetbey Üniversitesi','1930','kmu.edu.tr'),
 ('87','İstanbul Arel Üniversitesi','1930','arel.edu.tr'),
 ('88','Amasya Üniversitesi','1930','amasya.edu.tr'),
 ('89','Nevşehir Üniversitesi','1930','nevsehir.edu.tr'),
 ('90','Çankırı Karatekin Üniversitesi','1930','karatekin.edu.tr'),
 ('91','İstanbul Kültür Üniversitesi','1930','iku.edu.tr'),
 ('92','Okan Üniversitesi','1930','okan.edu.tr'),
 ('93','İzmir Ekonomi Üniversitesi','1930','ieu.edu.tr'),
 ('94','Mimar Sinan Güzel Sanatlar Üniversitesi','1930','msgsu.edu.tr'),
 ('95','Maltepe Üniversitesi','1930','maltepe.edu.tr'),
 ('96','Ağrı İbrahim Çeçen Üniversitesi','1930','agri.edu.tr'),
 ('97','Haliç Üniversitesi','1930','halic.edu.tr'),
 ('98','Osmaniye Korkut Ata Üniversitesi','1930','osmaniye.edu.tr'),
 ('99','Kilis 7 Aralık Üniversitesi','1930','kilis.edu.tr'),
 ('100','İstanbul Ticaret Üniversitesi','1930','itucu.edu.tr'),
 ('101','Bartın Üniversitesi','1930','bartin.edu.tr'),
 ('102','Siirt Üniversitesi','1930','siirt.edu.tr'),
 ('103','Atılım Üniversitesi','1930','atilim.edu.tr'),
 ('104','Yaşar Üniversitesi','1930','yasar.edu.tr'),
 ('105','Yalova Üniversitesi','1930','yalova.edu.tr'),
 ('106','Bingöl Üniversitesi','1930','bingol.edu.tr'),
 ('107','Bayburt Üniversitesi','1930','bayburt.edu.tr'),
 ('108','Muş Alparslan Üniversitesi','1930','alparslan.edu.tr'),
 ('109','Kadir Has Üniversitesi','1930','khas.edu.tr'),
 ('110','Doğuş Üniversitesi','1930','dogus.edu.tr'),
 ('111','Bitlis Eren Üniversitesi','1930','biliseren.edu.tr'),
 ('112','Artvin Çoruh Üniversitesi','1930','artvin.edu.tr'),
 ('113','Sinop Üniversitesi','1930','sinop.edu.tr'),
 ('114','Koç Üniversitesi','1930','ku.edu.tr'),
 ('115','Batman Üniversitesi','1930','batman.edu.tr'),
 ('116','Çankaya Üniversitesi','1930','cankaya.edu.tr'),
 ('117','Tunceli Üniversitesi','1930','tunceli.edu.tr'),
 ('118','TOBB Ekonomi ve Teknoloji Üniversitesi','1930','etu.edu.tr'),
 ('119','Işık Üniversitesi','1930','isikun.edu.tr'),
 ('120','Kara Harp Okulu','1930','kho.edu.tr'),
 ('121','Mardin Artuklu Üniversitesi','1930','artuklu.edu.tr'),
 ('122','Melikşah Üniversitesi','1930','meliksah.edu.tr'),
 ('123','Sabancı Üniversitesi','1930','sabanciuniv.edu.tr'),
 ('124','İstanbul Gelişim Üniversitesi','1930','gelisim.edu.tr'),
 ('125','Ardahan Üniversitesi','1930','ardahan.edu.tr'),
 ('126','Çağ Üniversitesi','1930','cag.edu.tr'),
 ('127','Gediz Üniversitesi','1930','gediz.edu.tr'),
 ('128','Galatasaray Üniversitesi','1930','gsu.edu.tr'),
 ('129','Iğdır Üniversitesi','1930','igdir.edu.tr'),
 ('130','Zirve Üniversitesi','1930','zirve.edu.tr'),
 ('131','İzmir Üniversitesi','1930','izmir.edu.tr'),
 ('132','İzmir Yüksek Teknoloji Enstitüsü','1930','iyte.edu.tr'),
 ('133','Hakkari Üniversitesi','1930','hakkari.edu.tr'),
 ('134','Nuh Naci Yazgan Üniversitesi','1930','nny.edu.tr'),
 ('135','İstanbul Bilim Üniversitesi','1930','istanbulbilim.edu.tr'),
 ('136','Yeni Yüzyıl Üniversitesi','1930','yeniyuzyil.edu.tr'),
 ('137','Şırnak Üniversitesi','1930','sirnak.edu.tr'),
 ('138','Özyeğin Üniversitesi','1930','ozyegin.edu.tr'),
 ('139','Gebze Yüksek Teknoloji Enstitüsü','1930','gyte.edu.tr'),
 ('140','Ufuk Üniversitesi','1930','ufuk.edu.tr'),
 ('141','Gülhane Askeri Tıp Akademisi','1930','gata.edu.tr'),
 ('142','Gedik Üniversitesi','1930','gedik.edu.tr'),
 ('143','İstanbul Medipol Üniversitesi','1930','medipol.edu.tr'),
 ('144','Mevlana Üniversitesi','1930','mevlana.edu.tr'),
 ('145','Turgut Özal Üniversitesi','1930','turgutozal.edu.tr'),
 ('146','Acıbadem Üniversitesi','1930','acibadem.edu.tr'),
 ('147','Yıldırım Beyazıt Üniversitesi','1930','ybu.edu.tr'),
 ('148','İstanbul Şehir Üniversitesi','1930','sehir.edu.tr'),
 ('149','Deniz Harp Okulu','1930','dho.edu.tr'),
 ('150','Hasan Kalyoncu (Gazikent) Üniversitesi','1930','hku.edu.tr'),
 ('151','Karatay Üniversitesi','1930','karatay.edu.tr'),
 ('152','Piri Reis Üniversitesi','1930','pirireis.edu.tr'),
 ('153','İstanbul Kemerburgaz Üniversitesi','1930','kemerburgaz.edu.tr'),
 ('154','Fatih Sultan Mehmet Üniversitesi','1930','fatihsultan.edu.tr'),
 ('155','Bezmiâlem Vakıf Üniversitesi','1930','bezmialem.edu.tr'),
 ('156','Süleyman Şah Üniversitesi','1930','ssu.edu.tr'),
 ('157','Şifa Üniversitesi','1930','sifa.edu.tr'),
 ('158','İstanbul 29 Mayıs Üniversitesi','1930','29mayis.edu.tr'),
 ('159','Toros Üniversitesi','1930','toros.edu.tr'),
 ('160','Avrasya Üniversitesi','1930','avrasya.edu.tr'),
 ('161','Türk Hava Kurumu Üniversitesi','1930','thk.edu.tr'),
 ('162','İzmir Kâtip Çelebi Üniversitesi','1930','ikc.edu.tr'),
 ('163','İstanbul Sabahattin Zaim Üniversitesi','2011','iszu.edu.tr'),
 ('164','Bursa Teknik Üniversitesi','1930','btu.edu.tr'),
 ('165','Adana Bilim ve Teknoloji Üniversitesi','1930','abtu.edu.tr'),
 ('166','Alanya Hamdullah Emin Paşa Üniversitesi','1930','ahep.edu.tr'),
 ('167','Altın Koza Üniversitesi','1930','altinkoza.edu.tr'),
 ('168','Ankara Bilge Üniversitesi','1930','bilge.edu.tr'),
 ('169','Bursa Orhangazi Üniversitesi','1930','bou.edu.tr'),
 ('170','Canik Başarı Üniversitesi','1930','basari.edu.tr'),
 ('171','Erzurum Teknik Üniversitesi','1930','erzurum.edu.tr'),
 ('172','İstanbul Medeniyet Üniversitesi','1930','medeniyet.edu.tr'),
 ('173','İstanbul Mef Üniversitesi','1930','mef.k12.tr'),
 ('174','Murat Hüdavendigar Üniversitesi','1930','muh.edu.tr'),
 ('175','Nişantaşı Üniversitesi','1930','nisantasi.edu.tr'),
 ('176','TED Üniversitesi','1930','tedu.edu.tr'),
 ('177','Türk Alman Üniversitesi','1930','tau.edu.tr'),
 ('178','Uluslararası Antalya Üniversitesi','1930','antalya.edu.tr'),
 ('179','Üsküdar Üniversitesi','1930','uskudar.edu.tr'),
 ('180','Selçuk Üniversitesi','1975','selcuk.edu.tr'),
 ('181','İstanbul Bilgi Üniversitesi','1994','bilgiedu.net'),
 ('182','Ege Üniversitesi','1956','ege.edu.tr'),
 ('183','İstanbul Üniversitesi','1888','iu.edu.tr');

DROP TABLE IF EXISTS `gnc_yonlendiriciler`;

CREATE TABLE `gnc_yonlendiriciler` (
  `yonlendirici_id` int(8) NOT NULL AUTO_INCREMENT,
  `dosya_id` int(8) NOT NULL,
  `yonlendirici_sef` varchar(255) NOT NULL,
  `dil_id` int(3) NOT NULL,
  PRIMARY KEY (`yonlendirici_id`)
) ENGINE=InnoDB AUTO_INCREMENT=51 DEFAULT CHARSET=utf8 COMMENT='Yönlendiriciler gnc''nin en önemli kısımlarındandır. Farklı dillerde eklenen yönlendiriciler ile dosyalar tablosunda belirtilmiş olan /gorunum ve /model klasörlerindeki php dosyalarını çalıştırabilirsiniz. \n\nBir dosya için birden fazla yonlendirici belirtmek mümkün olmakla birlikte bu durumun sık kullanılması arama motorları tarafından spam içerik olarak adlandırılabilir.  Örneğin gnc''de site adresinden sonra /gnc, /yonetim, /admin ifadelerinin tamamı sizi yonetim sayfasına taşıyacaktır.';

insert into `gnc_yonlendiriciler` values('1','1','anasayfa','1'),
 ('4','2','exit','2'),
 ('9','5','yonetim','1'),
 ('10','5','admin','2'),
 ('15','8','giris','1'),
 ('16','8','login','2'),
 ('17','9','kayit','1'),
 ('18','9','register','2'),
 ('19','1','home','2'),
 ('20','2','cikis','1'),
 ('32','22','yaptiklarim','1'),
 ('33','23','hakkimda','1'),
 ('34','24','iletisim','1'),
 ('35','25','blog','1'),
 ('36','26','sayfa','1'),
 ('40','10','sifremi-unuttum','1'),
 ('47','22','portfolio','2'),
 ('49','26','page','2'),
 ('50','23','about-me','2');

SET FOREIGN_KEY_CHECKS = 1;
